CustomerID,TotalRevenue,TotalOrders,TotalItems
,1447682.1199999999,3710,269562
14646.0,279489.02,77,196719
18102.0,256438.49,62,64122
17450.0,187482.16999999998,55,69029
14911.0,132572.62,248,77180
12415.0,123725.45,26,77242
14156.0,113384.14,66,57025
17511.0,88125.38,46,63012
16684.0,65892.08,31,49390
13694.0,62653.1,60,61803
15311.0,59419.340000000004,118,37720
13089.0,57385.88,118,30787
14096.0,57120.909999999996,34,16335
15061.0,54228.74,55,28590
17949.0,52750.84,52,27571
15769.0,51823.72,29,27660
16029.0,50992.61,76,32148
14298.0,50862.44,45,58021
14088.0,50415.49,14,12593
17841.0,40340.78,169,22865
13798.0,36351.42,63,23514
16422.0,33805.69,75,32592
12931.0,33462.81,20,23377
16013.0,33366.25,54,13845
15838.0,33350.76,21,9007
17389.0,31300.079999999998,43,7430
17404.0,30300.82,18,32324
12748.0,29072.1,224,24210
13098.0,28658.88,41,15911
13081.0,27964.48,21,19021
13408.0,27487.41,81,16119
14680.0,26932.34,23,12474
17857.0,26763.34,25,19086
16333.0,26626.8,22,32184
13777.0,25748.350000000002,41,12804
15749.0,21535.9,4,9014
16210.0,21086.3,18,7559
12753.0,21024.01,11,11250
17381.0,20272.43,30,25646
17675.0,20098.1,41,8278
15039.0,19786.44,52,9191
12731.0,18793.41,14,8366
12471.0,18740.92,49,7965
15159.0,18573.68,34,11394
12678.0,17588.26,13,10899
17428.0,17078.45,33,9435
13881.0,16989.52,22,10062
13767.0,16945.71,52,7258
12921.0,16389.74,50,9454
12901.0,16293.1,36,20915
17677.0,16219.22,43,9725
15856.0,16173.67,31,10941
15189.0,15802.14,53,6035
14051.0,15477.34,26,3741
16839.0,15357.78,39,8470
14031.0,14634.64,23,5370
15513.0,14520.08,22,5545
16133.0,14305.66,46,8738
14866.0,14197.45,13,6569
16705.0,13946.130000000001,29,5458
12681.0,13677.59,27,7518
12621.0,13612.07,23,7404
12433.0,13375.87,7,11071
12540.0,13309.039999999999,19,6677
12477.0,13117.01,9,3620
17735.0,13110.02,19,8439
14258.0,12650.08,10,7098
15640.0,12433.34,17,6572
13078.0,12432.28,43,5557
15498.0,12396.46,35,6084
16000.0,12393.7,3,5110
12682.0,12288.22,31,5575
12557.0,11990.960000000001,5,4384
16525.0,11895.57,29,6493
17340.0,11891.18,16,5902
14606.0,11713.85,128,5978
12939.0,11581.8,8,4876
14607.0,11341.1,17,7998
14194.0,11216.75,32,5783
15125.0,11117.05,23,5991
12409.0,11056.93,7,5543
14895.0,11020.26,24,4823
12971.0,10930.26,89,9203
13340.0,10736.48,7,5770
17581.0,10736.11,31,5861
13319.0,10664.34,36,4686
14769.0,10641.6,10,7406
17139.0,10585.57,15,5163
13113.0,10510.0,40,2594
14062.0,10464.85,12,5593
16779.0,10454.050000000001,28,5236
17107.0,10380.43,7,4537
15615.0,10360.04,27,5493
15251.0,10327.11,15,6084
16180.0,10217.48,10,5853
16843.0,10183.82,17,10154
17865.0,10158.54,27,5698
17706.0,10097.37,22,3833
12590.0,9861.38,3,4279
13199.0,9803.960000000001,39,6172
13001.0,9797.92,15,5497
15078.0,9623.35,38,5069
13458.0,9537.92,22,5460
14733.0,9451.54,15,3725
16523.0,9295.67,28,4233
12709.0,9294.1,26,3832
14667.0,9231.2,27,5382
14367.0,9167.82,19,4410
12744.0,9120.39,10,5234
12567.0,9114.94,11,4089
18092.0,9065.76,12,4250
13969.0,8986.69,20,4483
12451.0,8933.52,6,6455
13488.0,8910.61,17,4512
16033.0,8727.61,27,3516
13090.0,8689.39,18,2194
17243.0,8628.55,30,3362
17306.0,8600.73,21,11470
17017.0,8574.11,27,6613
16656.0,8568.24,21,8873
18139.0,8393.22,8,5461
16558.0,8257.04,24,5346
15358.0,8234.8,29,6927
12683.0,8221.09,20,4903
14056.0,8124.4,29,4232
14936.0,8117.42,9,4083
16672.0,8093.59,23,2812
13854.0,8025.0199999999995,29,2278
18109.0,7925.32,31,4219
14952.0,7912.79,15,3295
14849.0,7904.28,28,5656
12428.0,7877.2,12,3503
14796.0,7839.51,27,5942
12435.0,7829.89,2,2055
15290.0,7803.7699999999995,21,4431
13629.0,7792.36,11,4372
13093.0,7741.47,13,3943
14527.0,7711.38,86,2049
17811.0,7677.71,51,4128
15044.0,7629.38,22,2786
15194.0,7521.17,22,5648
18172.0,7490.17,25,3170
13263.0,7454.07,35,4780
17396.0,7330.8,8,2005
18229.0,7276.9,20,2488
13018.0,7272.75,29,5434
12583.0,7187.34,18,5009
16745.0,7170.7,18,6727
12474.0,7116.47,30,4764
12980.0,7092.06,12,864
16729.0,7076.28,26,5769
13324.0,7072.8,12,5200
16873.0,7066.31,10,3825
13985.0,7024.53,16,3439
14961.0,7006.58,12,3692
12766.0,6989.63,7,3646
12798.0,6977.04,3,5256
15465.0,6945.0199999999995,24,1217
13027.0,6912.0,6,17280
12989.0,6854.51,19,2915
16187.0,6841.24,17,5004
16713.0,6840.2300000000005,21,4264
17416.0,6838.34,9,4266
12705.0,6814.24,14,3973
15023.0,6763.16,12,2863
18055.0,6752.14,11,2450
16532.0,6748.8,3,2016
12830.0,6748.400000000001,7,9847
15601.0,6745.36,17,4978
13576.0,6703.3,20,2640
16746.0,6694.31,19,4662
16353.0,6675.71,23,2006
16923.0,6666.83,26,3183
15249.0,6657.36,15,3557
16652.0,6654.26,11,3267
16182.0,6617.65,4,3791
17338.0,6612.18,10,3123
15482.0,6568.72,16,2998
12476.0,6546.58,20,2337
15144.0,6530.04,18,3026
16814.0,6500.6,22,2768
15694.0,6423.6,15,1665
12431.0,6416.39,18,2868
13871.0,6389.8,14,2801
12626.0,6388.35,13,3350
13102.0,6336.29,27,4160
18223.0,6315.2300000000005,27,2890
16126.0,6287.77,4,2125
13709.0,6249.110000000001,17,3501
12359.0,6245.53,6,1612
12472.0,6229.48,13,4020
13668.0,6216.07,29,3637
12357.0,6207.67,1,2708
17315.0,6204.46,43,3856
15005.0,6180.49,35,4204
14057.0,6147.4,18,4708
14060.0,6135.38,20,5374
15939.0,6102.26,16,4725
17509.0,6100.74,11,3530
13225.0,6083.04,8,3352
14101.0,5976.79,6,6942
12637.0,5953.25,10,2990
15382.0,5927.86,8,4003
13097.0,5893.32,14,2341
13418.0,5845.44,23,3839
14944.0,5842.95,14,2801
13209.0,5820.16,11,4232
14505.0,5818.7,11,2743
13316.0,5815.49,5,6947
14415.0,5811.56,18,2973
14735.0,5807.69,34,2160
15218.0,5756.89,11,3329
17686.0,5739.46,7,2478
13178.0,5725.47,11,3570
12720.0,5713.28,29,4654
13050.0,5684.61,28,3707
14110.0,5669.650000000001,13,2455
16553.0,5664.57,14,4595
13468.0,5656.75,41,2581
14049.0,5639.15,6,3846
13004.0,5613.43,22,4796
13534.0,5613.08,43,2876
18118.0,5595.77,31,2877
17049.0,5594.78,11,2669
12481.0,5590.86,11,3290
17757.0,5585.49,31,3316
12839.0,5583.62,16,3804
16767.0,5580.6,11,4435
15502.0,5541.46,23,3823
17716.0,5505.79,12,3004
16985.0,5461.62,11,1830
15805.0,5452.17,20,3337
16609.0,5450.96,9,2410
16265.0,5423.15,11,2627
12490.0,5417.93,10,3064
17719.0,5367.8,18,2455
18225.0,5361.02,17,3206
16161.0,5352.97,26,2506
13269.0,5315.92,17,3509
16303.0,5305.83,4,2621
15150.0,5303.97,11,3633
17730.0,5288.83,15,3567
17850.0,5288.63,35,1693
16258.0,5203.51,5,2994
18226.0,5192.1,14,3459
15727.0,5178.96,7,3065
17858.0,5155.66,12,2706
12362.0,5154.58,13,2212
16701.0,5150.2699999999995,18,6211
13756.0,5145.12,15,3164
15903.0,5126.34,8,2409
17061.0,5116.13,12,1484
14688.0,5107.38,27,3222
18198.0,5083.06,21,3839
15046.0,5064.01,16,3307
12432.0,5059.32,5,1801
13139.0,5055.79,8,2418
17602.0,5050.77,8,4135
15719.0,5043.96,14,2724
16700.0,5040.0,17,4019
13599.0,5030.6,33,3169
15301.0,5028.12,14,2768
17426.0,5022.26,7,3082
12444.0,5005.46,5,1155
14755.0,4965.38,12,2217
15547.0,4954.84,14,4032
14329.0,4928.74,14,3075
16191.0,4913.32,25,3203
13941.0,4912.41,7,2307
14709.0,4911.14,14,2482
12437.0,4896.66,19,2918
17133.0,4892.24,7,2730
12688.0,4873.81,1,3028
12700.0,4867.99,6,2963
12664.0,4863.88,10,1202
15786.0,4834.2,5,3331
14292.0,4819.33,14,1643
17365.0,4801.56,8,4777
15738.0,4788.77,19,2967
13013.0,4786.99,15,2217
15555.0,4758.2,20,4410
17690.0,4748.45,16,1767
17652.0,4737.13,18,2479
12955.0,4734.26,14,3642
16722.0,4711.21,16,4989
14562.0,4709.22,22,1670
12714.0,4708.86,5,3069
14135.0,4690.31,15,3850
15152.0,4684.24,16,2694
14159.0,4678.3,14,4395
15187.0,4670.08,18,1869
14191.0,4660.01,14,3657
14180.0,4640.77,31,710
17809.0,4627.62,15,2015
14189.0,4604.31,24,3919
16931.0,4604.22,21,3158
15291.0,4596.51,20,2074
14286.0,4595.81,5,4306
14390.0,4592.47,13,2125
14004.0,4582.64,7,2668
17068.0,4531.34,22,2154
17613.0,4509.37,17,2470
12484.0,4495.27,8,2185
12524.0,4485.72,8,3699
12627.0,4478.53,7,2752
15032.0,4464.1,5,2668
17364.0,4455.73,12,2680
14085.0,4435.79,19,3183
15093.0,4410.14,9,3733
13267.0,4404.44,27,1939
17975.0,4393.610000000001,14,1552
16984.0,4392.42,5,2408
15955.0,4389.81,16,2124
16626.0,4379.65,20,2670
12752.0,4366.78,1,2262
16945.0,4345.5,19,2725
15874.0,4330.67,9,2506
14016.0,4328.46,5,2124
18251.0,4314.72,1,7824
12347.0,4310.0,7,2458
17937.0,4301.22,7,1754
13505.0,4282.88,8,2461
15034.0,4277.66,11,2411
14422.0,4263.64,6,2906
12712.0,4241.63,17,1044
14800.0,4236.34,16,3634
12757.0,4227.7,19,2385
14525.0,4221.37,13,2662
12500.0,4206.27,13,2671
17920.0,4204.1,17,2516
17419.0,4200.97,14,1872
15971.0,4199.85,12,1717
12747.0,4196.01,11,1275
18041.0,4161.14,22,3810
16549.0,4154.64,10,2365
13555.0,4149.28,4,2660
12949.0,4143.02,10,2363
13384.0,4122.28,9,2415
15570.0,4109.97,13,2058
12536.0,4106.82,5,2652
13988.0,4098.8,9,3025
14534.0,4075.35,25,1925
16592.0,4073.28,19,2914
12449.0,4067.29,4,1553
12569.0,4064.9900000000002,35,1793
14092.0,4063.1,17,2061
16401.0,4061.24,20,3858
14401.0,4039.98,14,4505
16670.0,4022.46,17,2524
13815.0,4014.91,5,2557
17567.0,4012.56,10,2428
12378.0,4008.62,1,2529
16186.0,3991.94,13,3008
17001.0,3989.57,11,2164
14547.0,3986.7400000000002,9,2658
12867.0,3986.22,10,4274
12656.0,3982.72,8,1708
12957.0,3979.04,12,2531
15416.0,3974.37,5,2089
15529.0,3967.78,12,3489
17769.0,3960.63,12,1857
13183.0,3957.78,9,2208
14277.0,3957.0,4,1624
17611.0,3947.87,19,2552
12727.0,3947.7,9,2085
17377.0,3925.92,21,2075
14426.0,3918.9,16,2339
17593.0,3911.56,6,3095
13802.0,3906.27,6,2281
14739.0,3899.1,8,3817
17651.0,3886.67,14,3100
12841.0,3876.4,26,2683
14291.0,3873.3,12,2748
12779.0,3868.7,12,1996
12749.0,3868.2,8,1422
13124.0,3866.33,3,2147
13999.0,3865.26,15,2231
18073.0,3864.44,13,3098
15195.0,3861.0,1,1404
12539.0,3852.5,5,2066
15804.0,3848.55,19,2515
16327.0,3844.22,6,2571
12662.0,3817.08,12,2040
17091.0,3802.81,10,1743
15867.0,3797.79,16,2052
16655.0,3794.52,6,2367
13435.0,3794.4900000000002,9,2125
15299.0,3787.09,11,2940
12562.0,3781.7400000000002,7,1779
15298.0,3774.1,14,2752
16168.0,3770.6,28,1888
18087.0,3770.1199999999994,4,3571
17173.0,3755.65,9,1121
13523.0,3755.38,6,1745
16904.0,3754.27,16,2034
12429.0,3750.4,4,1557
17238.0,3744.65,17,1822
12668.0,3743.18,6,1595
16145.0,3741.98,18,3072
14282.0,3729.34,15,2668
15808.0,3724.77,5,1341
12502.0,3723.87,5,820
13069.0,3717.82,27,5466
13266.0,3717.67,19,4299
14364.0,3717.35,8,1967
16240.0,3693.81,5,1634
12597.0,3683.13,5,2187
12647.0,3669.92,13,1420
16253.0,3665.62,3,3137
17819.0,3661.0699999999997,8,1027
12553.0,3652.25,14,1924
18079.0,3651.97,4,7432
15845.0,3650.87,10,1918
16712.0,3645.43,11,1749
16440.0,3640.67,5,2018
15379.0,3631.89,8,2293
13381.0,3626.81,7,2027
16570.0,3622.95,15,2050
13327.0,3617.57,9,1588
15296.0,3610.31,10,1757
13137.0,3605.08,9,2225
16242.0,3598.26,8,1981
13082.0,3595.48,10,4313
14132.0,3580.13,12,3366
12417.0,3578.8,12,1539
17203.0,3563.85,6,2850
15484.0,3563.11,5,3136
13426.0,3550.7000000000003,12,2224
12370.0,3545.69,4,2353
14503.0,3543.26,6,2004
15544.0,3542.51,11,3105
14040.0,3542.19,15,1524
17491.0,3541.92,11,2012
17528.0,3540.1,11,2130
13552.0,3539.53,16,1386
13334.0,3536.82,3,1774
17160.0,3518.03,6,2856
13953.0,3515.68,7,2724
16131.0,3506.54,6,1802
15505.0,3497.14,7,2348
13520.0,3487.75,8,1642
16458.0,3482.7400000000002,18,2154
14907.0,3478.85,10,1686
14395.0,3471.91,12,1689
17230.0,3466.67,11,1553
13448.0,3465.67,10,1638
17576.0,3457.78,22,1954
17758.0,3456.7000000000003,8,2091
15410.0,3450.84,8,1200
16019.0,3450.2400000000002,10,1649
13536.0,3448.29,7,2136
15129.0,3447.4,11,1794
15113.0,3439.41,4,2362
15581.0,3429.97,14,286
15974.0,3429.55,8,2256
14221.0,3427.85,10,2190
16360.0,3411.69,8,2128
13993.0,3409.66,12,892
15981.0,3408.48,8,1866
13437.0,3408.06,7,1283
17669.0,3406.7200000000003,7,1916
13842.0,3385.62,9,1768
13198.0,3384.09,8,2645
15228.0,3376.96,5,2252
17725.0,3371.13,14,2141
13014.0,3365.43,16,886
16011.0,3362.71,16,2042
13148.0,3348.48,17,1828
13015.0,3346.28,5,1617
12643.0,3344.64,6,1808
15708.0,3329.7200000000003,11,1258
15676.0,3324.09,5,2231
12594.0,3320.2200000000003,11,1776
16818.0,3317.97,13,2163
14227.0,3315.71,15,1811
16556.0,3313.79,7,1890
13373.0,3312.25,3,1651
14841.0,3295.76,6,1778
17183.0,3286.9100000000003,8,1264
12480.0,3281.63,4,1707
12406.0,3280.75,3,1809
16717.0,3278.36,9,1568
17723.0,3276.4,6,792
14702.0,3250.64,18,1444
13952.0,3246.091,3,1425
15764.0,3245.47,10,2036
17050.0,3228.84,6,1614
15622.0,3224.53,16,1552
13880.0,3219.77,13,1842
12613.0,3218.98,6,1596
12619.0,3214.81,13,3354
15443.0,3212.16,8,1660
16107.0,3204.1600000000003,7,1176
17220.0,3198.25,14,1905
13868.0,3192.54,2,1964
17685.0,3191.53,7,1956
13758.0,3190.55,7,1844
14844.0,3189.81,4,1833
14388.0,3172.04,10,1933
16837.0,3167.73,12,1562
13268.0,3167.64,15,3635
16041.0,3166.4,3,1584
17863.0,3160.0,6,2638
12456.0,3153.89,4,1616
14145.0,3148.2,5,636
15632.0,3147.31,10,2049
15065.0,3135.98,6,1355
17231.0,3127.82,14,1736
13685.0,3119.44,7,5056
14175.0,3108.06,7,1461
17672.0,3106.62,4,1672
13869.0,3104.95,4,1721
13742.0,3102.42,14,1116
13135.0,3096.0,1,4300
17059.0,3095.04,5,1855
14235.0,3093.86,6,1947
14099.0,3092.9700000000003,12,2177
15491.0,3090.85,7,1624
14257.0,3087.27,6,1677
16326.0,3085.96,15,689
13362.0,3085.4900000000002,5,1379
16905.0,3085.48,8,1407
15998.0,3084.17,6,2037
13047.0,3079.1,18,1355
12910.0,3075.04,8,1692
14565.0,3073.77,6,1532
18272.0,3064.78,7,2044
16218.0,3054.87,8,2077
16940.0,3049.88,3,2169
14456.0,3047.63,14,2901
16686.0,3043.48,9,2025
16607.0,3038.67,16,2822
16709.0,3029.87,5,851
17799.0,3026.08,11,1755
16156.0,3024.62,13,1270
13631.0,3021.77,12,460
18094.0,3017.3,7,2518
16678.0,3013.83,17,2368
12598.0,3002.68,9,1940
15861.0,3000.36,9,2543
12395.0,2998.28,15,2113
14307.0,2995.72,6,2058
12670.0,2986.15,6,1391
12916.0,2982.35,5,1111
15687.0,2981.5,11,1308
15854.0,2974.65,12,939
16497.0,2965.69,6,1396
15514.0,2963.19,13,1791
17659.0,2954.75,14,1486
14639.0,2952.34,8,1428
17084.0,2949.75,2,1816
14146.0,2949.57,6,1886
12754.0,2949.12,5,6479
16393.0,2941.05,20,1529
17444.0,2940.04,3,2119
14868.0,2939.64,9,1399
14032.0,2929.84,18,2008
14530.0,2925.91,6,1410
17512.0,2920.04,11,2752
12906.0,2919.81,5,1749
13451.0,2916.45,6,2143
14543.0,2916.17,21,600
12438.0,2906.85,2,1180
17924.0,2894.33,13,1141
18144.0,2888.75,12,1343
15673.0,2881.02,4,1514
14251.0,2879.7000000000003,5,1674
16633.0,2878.15,7,1137
14005.0,2874.72,5,2478
13901.0,2867.2000000000003,5,1739
15628.0,2865.64,10,1882
12685.0,2863.08,6,1523
18145.0,2861.55,4,2625
14299.0,2855.35,18,2013
12473.0,2848.23,9,2363
12408.0,2842.57,9,1399
14535.0,2841.09,4,1825
14711.0,2838.2,12,966
14852.0,2836.69,6,1747
17596.0,2827.93,7,4400
13174.0,2817.03,3,1395
15984.0,2816.97,11,1833
12356.0,2811.43,3,1591
16081.0,2806.9,5,1477
14572.0,2803.69,10,1425
12758.0,2791.59,2,2135
17739.0,2786.05,8,856
16928.0,2781.5,19,2094
12388.0,2780.6600000000003,6,1462
14112.0,2774.17,12,1608
13769.0,2771.87,16,1152
17644.0,2768.98,17,1741
15356.0,2766.5,10,1673
13735.0,2766.18,8,1083
13230.0,2763.41,15,1544
16871.0,2761.4900000000002,7,1250
15114.0,2760.56,10,3096
16764.0,2758.25,18,1247
14626.0,2757.07,7,1387
15993.0,2756.82,10,2042
16316.0,2755.56,12,1466
12578.0,2753.36,4,1171
13870.0,2751.25,10,1320
14854.0,2749.89,8,1822
17504.0,2745.28,10,1456
14903.0,2744.48,10,1491
17213.0,2741.08,11,1167
14125.0,2740.43,3,1640
14121.0,2740.3,6,2078
16003.0,2735.37,5,1185
12380.0,2720.56,5,1126
18230.0,2716.6,10,1298
12840.0,2714.27,6,1505
13285.0,2709.12,4,2051
13654.0,2707.33,6,2182
13971.0,2702.2200000000003,11,1818
18097.0,2692.85,7,1685
14107.0,2688.48,8,1788
17386.0,2686.42,6,1902
14732.0,2686.34,10,1402
15796.0,2666.61,10,859
14713.0,2664.2599999999998,12,1613
12360.0,2662.06,3,1165
14439.0,2661.24,1,526
17069.0,2655.2200000000003,13,1482
13851.0,2651.46,3,1705
15321.0,2650.73,4,1163
15696.0,2644.46,12,1022
13804.0,2635.79,7,1498
15671.0,2635.4900000000002,10,1681
17402.0,2633.85,13,701
18077.0,2633.0099999999998,11,1878
13771.0,2631.7,5,1476
16618.0,2630.64,6,1362
12721.0,2628.98,7,1954
15752.0,2628.93,8,1973
17965.0,2622.57,14,1556
18210.0,2621.38,6,1398
14262.0,2618.23,8,1645
12708.0,2616.32,16,1270
12625.0,2614.32,3,1577
12836.0,2612.86,4,1064
17346.0,2611.58,16,1639
16255.0,2609.3,10,1760
12726.0,2609.1,7,3143
16241.0,2607.87,13,1453
14408.0,2606.53,7,1616
13422.0,2601.55,2,1321
13644.0,2597.52,5,2060
16919.0,2596.45,11,1413
18260.0,2595.0,8,1469
15782.0,2593.94,4,863
13983.0,2590.46,13,1170
13895.0,2588.12,5,1364
13021.0,2584.4,12,1336
12520.0,2582.51,6,1430
12600.0,2581.04,11,773
13911.0,2580.91,9,2731
15485.0,2575.0,3,1306
15521.0,2574.65,13,1674
17655.0,2571.7400000000002,8,956
15033.0,2571.02,11,1692
16308.0,2560.0,4,8000
14397.0,2556.68,23,1852
15572.0,2552.86,7,1229
13136.0,2545.38,11,1312
13344.0,2543.72,3,971
14676.0,2543.2400000000002,8,2498
14334.0,2539.46,9,1730
13883.0,2538.75,9,1368
18075.0,2538.7200000000003,14,1437
14243.0,2535.88,14,1204
13471.0,2531.58,4,1590
16912.0,2528.67,14,1014
17317.0,2524.02,5,1074
15245.0,2515.84,3,1784
17728.0,2515.68,5,1464
17314.0,2514.76,11,1884
17700.0,2508.89,6,1261
18245.0,2507.56,8,1781
17449.0,2504.86,8,1115
13695.0,2504.13,15,1603
13975.0,2503.23,7,1725
16477.0,2494.46,7,1415
14546.0,2487.02,9,1287
14701.0,2486.2200000000003,12,909
15271.0,2485.82,16,1257
12913.0,2483.63,5,1419
16710.0,2483.04,10,1836
13507.0,2479.16,4,1597
12455.0,2466.86,6,2089
17164.0,2466.4,8,1500
12517.0,2464.89,6,1348
17131.0,2463.17,5,983
13784.0,2462.79,11,2493
15932.0,2461.85,11,2311
17682.0,2459.33,7,1365
14315.0,2456.98,7,1010
14842.0,2456.8,8,1146
14659.0,2456.53,12,1183
15750.0,2451.23,9,1779
14163.0,2445.91,4,893
13588.0,2445.12,13,2573
13949.0,2427.32,6,2474
14766.0,2423.07,8,1323
15606.0,2422.64,11,720
13658.0,2421.47,7,1009
15089.0,2420.84,6,1359
16143.0,2419.84,7,917
12397.0,2409.9,2,1263
17589.0,2404.17,4,1631
15980.0,2398.86,3,1560
13141.0,2385.8,6,1547
17071.0,2385.48,14,1182
17530.0,2385.0,10,1526
14554.0,2381.04,4,1478
17722.0,2380.64,6,1572
18065.0,2380.08,15,1024
14930.0,2372.86,3,1166
13722.0,2369.16,4,1400
14493.0,2362.84,7,1279
17634.0,2361.9700000000003,9,840
15370.0,2360.55,8,828
14030.0,2360.09,8,1479
14440.0,2357.6800000000003,5,588
14502.0,2351.02,14,1483
15140.0,2350.0,8,1567
15527.0,2348.82,10,988
13908.0,2347.05,5,1470
18259.0,2338.6000000000004,3,714
17434.0,2333.42,9,1685
12483.0,2327.13,13,1097
14239.0,2323.5,13,986
14309.0,2319.6800000000003,10,1619
15755.0,2318.88,8,1397
13994.0,2313.14,6,940
13394.0,2312.8,10,2215
17838.0,2312.7000000000003,6,1421
14290.0,2307.4500000000003,6,913
15288.0,2306.52,5,775
15785.0,2303.75,8,1594
17211.0,2299.67,9,1310
15105.0,2298.93,7,1211
15270.0,2298.2,9,1459
17954.0,2295.37,16,2229
13704.0,2295.31,10,1528
15704.0,2293.62,4,1028
12615.0,2291.19,4,1376
17744.0,2291.08,7,3376
17313.0,2288.13,2,1382
12684.0,2283.63,7,1985
17188.0,2275.58,9,1301
12782.0,2273.32,6,1070
17768.0,2273.1800000000003,3,1186
14466.0,2272.4,7,1006
16735.0,2269.21,7,1554
16550.0,2266.25,9,1526
18257.0,2265.38,12,1010
13700.0,2265.12,10,2304
13527.0,2263.76,8,1673
16209.0,2262.62,5,1179
14432.0,2255.51,6,2070
15235.0,2247.51,12,1324
16771.0,2246.81,5,1489
16782.0,2242.25,19,703
15665.0,2242.01,2,1666
15281.0,2239.9500000000003,12,1193
16293.0,2236.7400000000002,12,978
14700.0,2235.3,3,1342
18242.0,2232.49,4,1017
14825.0,2226.91,12,991
12704.0,2220.84,10,1003
12876.0,2218.02,2,1941
17591.0,2215.02,8,1008
15373.0,2213.11,13,476
17442.0,2210.2599999999998,10,1490
12653.0,2209.85,2,919
14211.0,2208.3,13,1232
15797.0,2207.4,4,873
13115.0,2205.63,14,1534
12755.0,2203.2,4,866
13831.0,2202.99,6,745
13680.0,2202.31,5,1267
14226.0,2201.64,7,1301
17696.0,2201.05,14,1730
15123.0,2199.31,2,1195
14776.0,2195.58,13,2688
16743.0,2191.84,8,2010
13365.0,2191.22,3,1238
13862.0,2187.31,10,1682
15179.0,2186.2,7,1907
15394.0,2183.54,4,910
16628.0,2183.04,6,1202
15722.0,2181.21,6,1021
14808.0,2175.37,15,2054
14560.0,2174.18,24,1223
16076.0,2173.53,11,1363
15811.0,2171.32,9,1061
14341.0,2166.38,9,1401
12856.0,2162.68,8,1076
16456.0,2158.37,5,1148
12935.0,2156.45,8,1852
13755.0,2154.68,10,1241
13224.0,2150.85,3,1512
16966.0,2148.47,10,1978
17272.0,2144.53,5,1776
12633.0,2140.63,5,1149
16057.0,2140.2200000000003,10,833
13317.0,2140.07,9,1003
14828.0,2139.76,3,2172
16379.0,2131.9,5,1408
17400.0,2129.96,5,1097
12909.0,2128.83,8,1270
14360.0,2128.23,4,1151
16407.0,2126.93,10,1124
15058.0,2124.9900000000002,11,1069
18061.0,2119.41,10,955
13632.0,2117.02,6,1036
18008.0,2116.19,9,1581
14691.0,2114.33,5,707
14407.0,2111.08,9,1412
13517.0,2109.07,5,1360
13265.0,2107.66,5,1752
18173.0,2106.84,4,1220
14461.0,2103.06,3,766
14515.0,2102.09,6,1134
12560.0,2101.39,4,1078
15815.0,2100.6,5,1856
17191.0,2095.13,7,1167
18283.0,2094.88,16,1397
13571.0,2092.32,12,1759
13297.0,2089.85,4,963
12501.0,2089.68,2,1722
14810.0,2087.88,11,1016
18044.0,2085.65,11,1032
16954.0,2085.08,9,1054
15834.0,2084.9,6,961
18093.0,2083.42,5,1381
14306.0,2083.42,3,1073
14696.0,2070.97,9,1626
14482.0,2068.15,6,1646
14209.0,2067.13,7,688
18231.0,2066.17,6,808
12928.0,2062.7000000000003,5,1472
16281.0,2062.06,1,934
17861.0,2059.2,9,1968
18241.0,2058.09,18,1047
12610.0,2057.99,7,1028
12518.0,2056.89,5,1318
13126.0,2056.29,10,2130
17667.0,2055.51,5,1037
12948.0,2053.7,8,1077
17086.0,2050.08,6,1859
17625.0,2047.0,4,1198
17597.0,2044.3700000000001,1,1176
14232.0,2043.93,8,1937
13450.0,2043.72,6,1982
14640.0,2042.15,8,829
17090.0,2041.8500000000001,8,920
17846.0,2033.1,1,1
14001.0,2030.33,4,959
16409.0,2028.88,5,1306
16358.0,2024.95,5,1301
14544.0,2024.45,2,1543
16875.0,2023.47,9,1044
18069.0,2021.82,7,1308
15341.0,2020.52,1,812
18219.0,2019.77,11,883
14188.0,2018.91,10,1145
14506.0,2012.17,5,730
15531.0,2007.44,2,1105
15372.0,2007.3999999999999,1,2924
16098.0,2005.63,7,613
14730.0,2005.06,8,1132
17082.0,2003.85,2,1049
16754.0,2002.4,1,4280
13305.0,2000.86,10,1232
18188.0,1998.49,4,1167
16698.0,1998.0,2,840
13630.0,1995.68,11,1377
17827.0,1995.46,5,1247
17612.0,1992.76,10,1787
17679.0,1992.11,2,729
17088.0,1991.01,4,868
13593.0,1990.28,6,707
13495.0,1990.12,6,814
17940.0,1983.58,14,9751
12585.0,1982.81,4,1258
18204.0,1979.3,4,1198
13590.0,1976.1200000000001,7,1846
15493.0,1967.25,7,555
14462.0,1965.9,15,932
17790.0,1965.55,14,836
17218.0,1960.72,10,958
16341.0,1959.38,6,1388
14498.0,1957.32,5,1098
17554.0,1952.45,5,1763
14653.0,1947.55,7,950
17337.0,1944.32,7,1240
14418.0,1937.25,3,1711
14472.0,1936.84,8,1160
14978.0,1931.42,5,525
14655.0,1930.15,5,1088
17406.0,1928.72,5,784
17490.0,1926.8799999999999,11,1021
14217.0,1925.3600000000001,24,677
12528.0,1922.28,8,750
13246.0,1922.1,7,1552
16983.0,1920.2,8,1366
12674.0,1919.31,7,1102
12457.0,1917.78,12,695
15518.0,1911.89,13,1262
14285.0,1910.01,4,541
16426.0,1908.25,10,1243
14409.0,1908.25,7,1158
17228.0,1906.09,8,1532
16150.0,1906.07,10,1004
15819.0,1905.45,4,1357
14250.0,1904.05,3,1200
16938.0,1903.13,5,1025
14210.0,1900.89,7,759
12762.0,1898.52,2,1227
16942.0,1894.11,10,807
12584.0,1893.95,18,354
17870.0,1889.4,13,1400
14934.0,1888.84,3,1041
12371.0,1887.96,2,591
15641.0,1887.2,4,1562
12853.0,1881.7,9,782
17463.0,1881.36,6,1090
16170.0,1880.4199999999998,7,1766
16128.0,1880.22,5,988
17293.0,1875.11,9,1140
16986.0,1873.2,2,1040
15021.0,1872.28,13,829
15157.0,1869.5,5,2242
15367.0,1867.69,5,1055
14524.0,1867.68,9,676
17787.0,1865.19,4,910
17738.0,1863.35,5,1027
15351.0,1862.14,10,732
14887.0,1862.0,1,1100
13982.0,1861.11,5,1132
13890.0,1860.8600000000001,14,826
17422.0,1853.1299999999999,10,2195
12423.0,1849.11,9,1327
13421.0,1848.98,3,1180
18180.0,1843.75,6,1721
17469.0,1843.06,6,778
12950.0,1843.0,3,1380
15814.0,1842.73,6,1247
17015.0,1842.56,3,1981
16102.0,1842.14,3,942
16455.0,1841.18,7,988
12963.0,1841.03,9,873
12383.0,1839.31,6,1529
14216.0,1839.3,4,594
17519.0,1839.07,7,1233
14459.0,1837.92,1,760
18287.0,1837.28,3,1586
16152.0,1829.04,1,642
15203.0,1827.8,6,1753
18122.0,1826.21,6,1234
16153.0,1824.23,5,1073
16169.0,1822.97,4,1325
16201.0,1821.52,5,1267
14533.0,1812.6200000000001,9,2777
16474.0,1811.47,11,918
13725.0,1809.81,11,659
13650.0,1809.3400000000001,7,918
16979.0,1809.05,8,860
13048.0,1805.91,5,1230
12381.0,1803.96,6,783
14305.0,1803.76,5,1069
15812.0,1801.14,5,922
16249.0,1800.07,5,950
13562.0,1799.33,3,757
13196.0,1797.78,4,1224
17750.0,1797.57,9,3957
12348.0,1797.24,4,2341
18235.0,1796.48,3,1578
18179.0,1793.17,6,1360
17648.0,1789.55,5,486
17663.0,1788.27,9,793
13875.0,1786.79,5,1316
13510.0,1785.16,5,1382
14608.0,1785.15,4,437
14935.0,1784.71,1,935
17629.0,1784.12,9,1621
17705.0,1781.12,10,957
15260.0,1780.77,8,861
16380.0,1780.59,1,1524
14215.0,1777.92,7,1354
17092.0,1777.78,4,1131
13481.0,1776.81,8,1127
16841.0,1774.62,7,2234
16719.0,1773.92,8,1202
14387.0,1770.56,3,819
16681.0,1770.34,6,1407
15864.0,1769.7800000000002,8,1044
15594.0,1767.53,6,982
14621.0,1765.76,6,987
16751.0,1764.72,1,1031
17873.0,1764.3600000000001,6,999
12424.0,1760.96,2,740
12823.0,1759.5,5,230
15220.0,1758.92,7,1377
12349.0,1757.55,1,631
12645.0,1755.38,5,1072
13808.0,1747.66,5,782
12523.0,1745.57,13,861
15067.0,1744.76,3,954
15674.0,1744.02,8,1075
13134.0,1740.63,7,1044
14595.0,1740.6,6,978
17930.0,1740.48,5,1594
17353.0,1740.0,2,1200
17754.0,1739.92,6,1820
15241.0,1738.59,9,1815
13456.0,1737.8200000000002,7,756
17457.0,1737.7,5,826
14673.0,1736.4,5,1004
17043.0,1735.18,4,998
15050.0,1727.17,5,1184
13157.0,1721.57,5,1430
17702.0,1719.72,6,1320
15267.0,1717.36,5,944
17813.0,1714.6,7,777
12405.0,1710.39,1,857
13094.0,1708.8600000000001,16,1542
15947.0,1708.24,1,898
12407.0,1708.12,5,1416
17162.0,1707.21,11,1000
16902.0,1706.88,1,629
16791.0,1706.28,8,759
15950.0,1705.26,5,722
17282.0,1703.41,3,1877
16007.0,1701.94,4,1393
13824.0,1698.94,5,768
14834.0,1698.35,8,731
16775.0,1695.66,11,440
12764.0,1693.88,1,386
16813.0,1692.98,10,1525
16671.0,1692.27,3,875
13763.0,1689.46,3,725
12635.0,1689.18,2,1172
15240.0,1685.57,7,1361
15380.0,1682.3600000000001,6,374
13924.0,1682.08,11,1532
12843.0,1680.76,9,753
17147.0,1679.64,6,878
14245.0,1677.48,5,971
16638.0,1676.47,11,1254
13149.0,1676.06,4,1280
17656.0,1674.69,5,1399
17193.0,1674.46,9,1238
13647.0,1670.22,5,894
16115.0,1667.97,8,1001
12912.0,1662.3,5,670
15214.0,1661.44,8,1254
15024.0,1661.33,10,920
15332.0,1661.06,4,652
14045.0,1659.75,4,535
13577.0,1658.3,5,771
15549.0,1655.76,4,688
16711.0,1651.03,5,833
15826.0,1649.3600000000001,4,962
17451.0,1648.95,10,1178
13184.0,1648.79,12,1662
13750.0,1647.26,5,516
13162.0,1644.99,5,1663
15002.0,1641.76,4,862
17284.0,1641.68,7,1362
15827.0,1641.48,20,842
14837.0,1641.2,5,1430
12398.0,1635.66,1,1394
15953.0,1634.53,10,885
14164.0,1631.77,2,1033
16398.0,1631.15,4,745
12377.0,1628.12,2,944
16515.0,1627.13,5,833
14759.0,1625.97,3,569
16987.0,1625.05,7,402
13425.0,1624.21,3,1123
15172.0,1624.05,5,1611
13627.0,1624.02,7,1266
12530.0,1623.63,5,900
17673.0,1622.22,7,1485
17101.0,1621.73,4,815
14178.0,1620.93,7,1505
14937.0,1617.63,4,483
14336.0,1614.91,4,1759
18161.0,1612.79,6,810
15122.0,1612.13,6,788
14312.0,1611.59,6,1012
13614.0,1610.46,4,570
14918.0,1610.15,2,675
12669.0,1607.73,4,1114
12868.0,1607.0600000000002,6,928
15791.0,1604.44,3,730
12783.0,1603.8700000000001,8,622
14573.0,1603.72,13,538
16466.0,1603.46,7,789
16992.0,1601.8600000000001,6,857
17828.0,1599.97,9,641
14587.0,1598.24,10,759
14719.0,1592.18,6,1031
14970.0,1592.06,4,250
13850.0,1586.81,2,941
16332.0,1583.2,8,793
12393.0,1582.6000000000001,4,816
16889.0,1578.67,3,925
13634.0,1575.16,5,704
18178.0,1573.41,6,979
15611.0,1568.39,15,498
15111.0,1567.48,3,710
16496.0,1562.22,4,1091
13814.0,1562.12,3,862
18239.0,1561.61,5,795
17837.0,1560.53,10,515
16676.0,1558.72,5,631
13313.0,1555.32,5,851
17085.0,1555.05,6,784
14038.0,1554.48,4,963
16369.0,1553.66,3,1035
15660.0,1552.01,12,1037
13659.0,1550.85,3,879
15117.0,1550.13,6,1947
12865.0,1548.07,3,877
14704.0,1546.91,9,1082
12352.0,1545.41,11,470
14441.0,1545.14,10,430
14442.0,1544.6200000000001,5,475
15701.0,1542.14,4,923
16365.0,1540.42,9,504
13186.0,1539.69,5,804
13397.0,1539.18,6,429
13849.0,1537.95,2,1016
12877.0,1535.77,12,1178
17159.0,1534.73,4,1110
16283.0,1531.51,7,1222
12759.0,1531.44,3,902
14321.0,1530.75,5,2406
14567.0,1524.46,3,410
15620.0,1524.4,6,899
13107.0,1524.07,5,1288
16244.0,1522.75,2,855
16434.0,1522.25,7,767
16066.0,1521.87,5,936
15906.0,1521.79,8,538
13764.0,1521.76,3,932
16790.0,1520.1200000000001,8,892
16880.0,1519.08,7,753
13213.0,1518.43,6,1357
12818.0,1517.88,2,923
15532.0,1517.08,6,508
16748.0,1515.9,5,880
15392.0,1515.73,5,1265
16053.0,1511.95,2,1793
17997.0,1511.3,12,2078
16910.0,1510.06,8,886
15265.0,1506.1200000000001,2,612
15625.0,1504.56,8,1166
12937.0,1504.27,4,1007
17152.0,1503.5,4,477
15530.0,1502.35,4,950
16762.0,1501.38,3,618
17571.0,1498.51,4,905
16279.0,1496.68,4,1052
13320.0,1491.7,6,1066
15916.0,1491.24,10,752
15057.0,1489.5,2,668
14963.0,1487.8,5,1176
17002.0,1487.78,4,678
17553.0,1487.6,1,1048
16395.0,1486.9,5,1476
14878.0,1485.54,9,802
14414.0,1485.1299999999999,8,2509
16755.0,1484.63,5,1058
14758.0,1484.06,4,419
18016.0,1483.56,5,1029
16016.0,1483.31,10,618
15427.0,1483.14,3,1013
17590.0,1479.22,3,828
15983.0,1475.02,4,892
14246.0,1474.06,3,804
16348.0,1469.45,7,819
12826.0,1468.1200000000001,8,1054
13692.0,1466.8700000000001,5,1224
15473.0,1465.2,10,552
12882.0,1463.04,2,246
14541.0,1461.65,8,647
16359.0,1460.3700000000001,12,1154
16059.0,1459.8600000000001,6,643
13309.0,1456.79,5,1544
13110.0,1452.8700000000001,8,384
15987.0,1451.28,7,1556
14229.0,1450.6,5,590
14875.0,1448.72,5,554
14233.0,1447.51,5,671
14591.0,1447.14,4,1297
16817.0,1446.95,13,762
17073.0,1446.09,4,759
13461.0,1445.0,3,1170
13477.0,1441.53,8,1018
15478.0,1441.42,2,585
15858.0,1438.85,5,1167
14404.0,1434.72,7,831
13717.0,1432.26,7,1958
14566.0,1432.0,1,800
13475.0,1431.78,4,1012
17175.0,1430.94,5,865
15426.0,1429.9,7,663
16103.0,1429.64,6,558
14035.0,1428.02,5,739
16996.0,1427.46,9,534
14403.0,1426.31,5,513
16271.0,1423.29,6,1037
14740.0,1423.21,4,729
17063.0,1421.5900000000001,11,763
16503.0,1421.43,5,567
17288.0,1419.73,7,1203
15128.0,1419.54,8,1326
15444.0,1418.26,2,764
18116.0,1418.03,8,848
14649.0,1417.29,4,1018
16012.0,1415.29,3,799
14901.0,1414.99,10,659
17004.0,1412.94,2,819
15237.0,1412.32,4,1071
16394.0,1412.06,9,2317
15106.0,1407.73,7,1144
12947.0,1407.29,11,1157
16173.0,1406.57,7,571
17083.0,1405.78,3,772
14443.0,1400.88,7,931
14741.0,1400.3400000000001,6,841
14019.0,1398.96,4,1034
18202.0,1396.99,3,581
17856.0,1393.79,6,826
17354.0,1393.06,1,1006
15051.0,1391.61,3,1011
13414.0,1390.5,3,1574
13516.0,1389.41,3,985
16539.0,1388.81,4,477
15453.0,1388.37,7,845
15134.0,1387.99,8,887
17311.0,1384.85,2,1005
15898.0,1384.68,6,568
13572.0,1384.25,1,534
16463.0,1383.7,7,1135
13995.0,1383.49,6,867
17676.0,1383.27,7,931
12952.0,1382.8400000000001,5,652
14116.0,1382.74,5,707
16726.0,1382.02,5,977
13159.0,1379.75,5,1045
14113.0,1377.92,8,635
15569.0,1375.71,5,666
14434.0,1372.8,6,368
16669.0,1370.8700000000001,4,883
14507.0,1368.18,7,588
13308.0,1367.6100000000001,4,840
14897.0,1366.38,4,468
15095.0,1364.7,5,1077
16389.0,1362.27,5,1230
13232.0,1357.6,7,778
18167.0,1355.51,6,359
17054.0,1353.83,6,802
13813.0,1353.41,5,550
17204.0,1352.91,9,589
15116.0,1352.75,4,648
16245.0,1352.36,5,1008
14859.0,1352.04,5,669
16079.0,1352.0,3,864
12770.0,1351.45,1,743
12775.0,1351.24,6,853
12886.0,1351.09,3,761
17368.0,1349.52,9,680
12646.0,1346.97,2,897
15411.0,1346.38,5,528
14154.0,1345.62,2,465
15596.0,1343.34,9,548
17372.0,1342.68,8,749
16317.0,1341.65,3,890
16045.0,1340.7,4,897
13743.0,1340.1499999999999,8,1775
15398.0,1339.63,3,767
15734.0,1339.45,2,346
12620.0,1339.41,3,1181
16110.0,1337.48,3,733
17621.0,1336.1,4,510
15680.0,1333.68,3,952
17932.0,1331.57,3,789
12676.0,1331.39,6,670
15365.0,1330.45,9,758
16493.0,1329.66,6,1113
16295.0,1328.55,4,841
15059.0,1325.82,11,602
13396.0,1325.29,4,592
16370.0,1320.56,4,647
15563.0,1319.69,7,1460
16083.0,1317.62,2,908
12526.0,1316.66,3,632
14921.0,1316.07,2,953
14102.0,1314.73,8,938
16464.0,1314.68,3,963
14973.0,1314.45,3,369
18177.0,1314.17,7,705
15146.0,1313.66,3,1459
16040.0,1313.55,3,684
12364.0,1313.1,4,1506
12516.0,1312.06,2,875
14748.0,1311.79,6,1192
13012.0,1311.6200000000001,11,671
14856.0,1311.3799999999999,3,714
13501.0,1310.47,2,557
13168.0,1310.14,5,680
13328.0,1308.48,1,680
14477.0,1307.81,5,719
14071.0,1307.41,9,900
12576.0,1306.98,6,964
16744.0,1304.76,7,805
17919.0,1304.04,1,756
15813.0,1303.91,2,603
12463.0,1303.63,7,757
12919.0,1301.44,8,668
15494.0,1299.23,2,1148
12488.0,1298.66,3,529
12372.0,1298.04,3,794
17961.0,1296.44,39,560
16929.0,1295.39,7,929
16224.0,1295.3,4,1116
16120.0,1294.14,5,866
15108.0,1291.75,5,497
14047.0,1290.01,7,377
14738.0,1289.94,9,576
12854.0,1289.15,5,622
16571.0,1285.22,5,1176
17671.0,1284.08,6,659
14297.0,1284.06,6,861
15136.0,1282.45,5,775
16899.0,1281.56,6,522
13878.0,1281.53,1,475
13538.0,1280.85,7,175
14267.0,1279.09,7,461
16692.0,1276.0,2,152
17019.0,1272.61,4,827
12394.0,1272.48,2,819
14794.0,1272.11,9,669
12630.0,1270.88,2,548
14669.0,1269.99,3,775
13492.0,1269.84,3,408
13431.0,1269.1,2,672
15199.0,1268.7,4,396
14511.0,1267.41,6,772
17158.0,1266.97,3,778
13989.0,1266.08,2,1313
14916.0,1264.84,5,1132
16951.0,1262.75,4,1306
15009.0,1261.78,3,642
16688.0,1260.86,4,804
16842.0,1260.44,4,692
14105.0,1260.33,2,798
15497.0,1259.7,3,622
17388.0,1259.5600000000002,4,1068
14665.0,1258.38,7,500
17412.0,1258.06,7,738
12507.0,1258.06,4,894
17350.0,1256.19,5,759
13848.0,1255.0,3,3700
17262.0,1253.3600000000001,5,367
17037.0,1253.22,2,652
17802.0,1251.84,4,743
14698.0,1250.76,5,615
13151.0,1250.3700000000001,2,361
17481.0,1249.34,5,1060
14383.0,1247.69,3,817
12689.0,1247.61,2,628
13029.0,1247.5,3,134
15004.0,1246.32,1,630
16101.0,1245.96,3,738
16531.0,1244.59,7,915
17633.0,1242.34,6,630
17588.0,1240.2,3,676
13860.0,1240.0,6,589
14893.0,1237.8500000000001,2,799
14684.0,1236.28,5,853
15376.0,1233.36,3,619
15910.0,1232.18,8,1015
18080.0,1231.5,2,642
13931.0,1230.93,3,721
14428.0,1230.14,7,428
14898.0,1228.32,8,1008
14913.0,1227.43,4,1743
17584.0,1227.3,3,446
12412.0,1226.88,3,829
15227.0,1219.4,5,750
13491.0,1215.82,10,903
12985.0,1215.6200000000001,3,1413
17774.0,1215.46,5,511
17410.0,1214.72,5,616
13918.0,1212.8400000000001,2,1140
12464.0,1212.05,8,112
18263.0,1211.08,4,1467
15841.0,1209.1,6,926
18171.0,1208.51,7,477
13208.0,1205.9,7,786
13055.0,1201.96,4,891
16794.0,1201.51,12,933
16800.0,1201.49,1,540
13158.0,1201.06,4,784
17320.0,1200.6200000000001,3,634
17800.0,1199.01,9,736
15605.0,1198.23,5,441
12997.0,1197.94,7,648
13211.0,1197.42,3,874
17720.0,1195.94,4,576
12967.0,1194.75,4,243
15145.0,1194.73,4,756
12611.0,1193.32,1,846
14064.0,1188.32,7,1350
16612.0,1187.66,4,506
13752.0,1186.28,6,876
14487.0,1183.58,7,734
15630.0,1180.4,3,799
17058.0,1179.89,3,592
16950.0,1178.56,3,644
17653.0,1175.88,5,1401
12640.0,1174.58,3,311
15306.0,1174.35,3,810
16639.0,1169.38,4,503
12358.0,1168.0600000000002,2,248
14745.0,1167.16,6,1020
16653.0,1166.92,3,723
14857.0,1165.65,3,455
14737.0,1164.55,3,345
14261.0,1163.45,2,406
14447.0,1163.23,5,571
16949.0,1161.27,7,790
17348.0,1159.52,5,1401
15621.0,1158.77,6,463
14723.0,1158.3,6,695
12885.0,1158.27,4,654
13611.0,1158.2,4,762
13744.0,1156.36,2,1249
16184.0,1155.54,7,560
16062.0,1153.62,4,800
12657.0,1152.06,5,654
16042.0,1147.37,7,745
13499.0,1146.96,7,1358
17505.0,1145.84,2,556
16766.0,1145.6,2,536
15810.0,1145.43,7,737
12769.0,1143.6,1,356
17770.0,1143.27,5,365
12546.0,1141.5,3,617
18125.0,1141.34,5,803
16270.0,1141.24,1,688
13330.0,1140.93,3,751
13819.0,1140.35,3,1109
15088.0,1140.27,3,457
16172.0,1140.21,5,787
17135.0,1139.73,7,1224
12494.0,1139.3500000000001,13,690
17500.0,1138.0,3,17
13500.0,1136.77,4,585
17242.0,1135.04,2,611
18168.0,1133.64,9,585
16989.0,1133.25,6,1233
17585.0,1133.07,4,1671
13772.0,1132.13,3,546
15500.0,1131.56,4,572
13882.0,1131.28,6,950
12710.0,1130.57,4,849
14824.0,1127.71,4,525
12609.0,1126.85,3,648
17470.0,1125.07,5,1675
13118.0,1125.0,7,389
16637.0,1124.59,5,891
12462.0,1124.01,4,514
14129.0,1123.8600000000001,5,592
15436.0,1122.53,3,613
13486.0,1122.41,3,669
16807.0,1121.59,3,778
15737.0,1121.21,12,584
17302.0,1119.93,6,573
17894.0,1119.81,8,405
13064.0,1119.49,4,516
16086.0,1119.31,6,510
12842.0,1118.99,2,547
15716.0,1118.81,4,744
17788.0,1117.9,2,211
13591.0,1117.13,3,485
14971.0,1116.57,3,644
13610.0,1115.43,9,514
16049.0,1111.79,3,793
14161.0,1110.52,3,455
14817.0,1110.34,2,655
15069.0,1109.53,1,520
12399.0,1108.65,4,1178
15730.0,1108.38,4,683
15933.0,1107.46,3,885
17562.0,1107.38,8,813
16833.0,1106.53,4,440
12857.0,1106.4,2,343
13447.0,1104.23,4,577
17609.0,1103.92,6,721
17047.0,1100.9,3,533
16350.0,1100.47,5,542
15978.0,1098.78,1,888
13104.0,1098.48,6,504
17966.0,1098.43,5,2571
14708.0,1096.67,4,615
16225.0,1096.32,5,493
13652.0,1095.08,3,578
15608.0,1093.68,4,714
13521.0,1093.65,3,736
13476.0,1092.77,4,414
15489.0,1090.03,4,593
12534.0,1089.18,1,651
14744.0,1088.53,9,625
17095.0,1088.2,6,613
18189.0,1084.34,3,564
13467.0,1083.71,2,584
15602.0,1083.63,15,1001
13310.0,1083.63,6,575
14561.0,1080.76,3,1014
16200.0,1080.6200000000001,2,523
13726.0,1079.66,2,1054
12354.0,1079.4,1,530
16980.0,1078.96,2,788
14352.0,1078.96,4,538
16563.0,1077.74,1,486
15712.0,1072.3600000000001,5,486
15745.0,1071.24,6,412
13635.0,1071.03,1,677
17522.0,1070.71,5,1034
13761.0,1070.65,2,642
14212.0,1070.48,1,1152
14948.0,1066.57,7,661
17041.0,1065.77,4,947
17277.0,1065.3500000000001,2,430
17287.0,1064.11,7,559
12815.0,1063.46,2,379
14411.0,1063.0,1,196
16214.0,1062.75,3,420
12679.0,1058.67,9,530
14465.0,1058.6200000000001,3,405
14419.0,1058.06,6,487
13853.0,1056.94,2,304
15238.0,1056.54,5,689
15407.0,1056.44,4,558
14514.0,1055.35,3,589
15977.0,1054.73,2,1016
16728.0,1054.67,4,677
13715.0,1053.94,8,555
12716.0,1053.49,2,708
14583.0,1052.55,5,792
15027.0,1051.95,6,563
12849.0,1050.8899999999999,2,623
14224.0,1050.12,4,514
14078.0,1049.37,6,310
15464.0,1048.85,1,350
15763.0,1048.67,3,268
13282.0,1047.84,6,289
13791.0,1047.68,3,828
14488.0,1047.43,2,793
14293.0,1046.56,4,709
18130.0,1045.74,4,817
15996.0,1044.78,7,382
17042.0,1044.3799999999999,5,994
15192.0,1044.32,3,918
16918.0,1043.34,7,708
12497.0,1043.1,1,1236
17727.0,1042.55,2,639
15801.0,1042.19,4,562
12951.0,1042.07,8,500
16094.0,1041.83,6,633
13719.0,1041.68,5,609
14446.0,1039.58,4,933
13131.0,1039.3,4,443
16320.0,1038.46,2,732
16175.0,1037.59,4,533
15985.0,1037.42,3,836
16520.0,1036.6200000000001,4,557
12691.0,1035.8,6,394
16260.0,1035.45,1,311
15171.0,1034.5,2,190
13639.0,1033.34,1,800
18221.0,1033.31,6,789
12599.0,1032.58,7,956
12724.0,1031.41,4,445
13253.0,1030.4,2,1572
17033.0,1030.1399999999999,3,750
14584.0,1029.26,5,379
15333.0,1028.56,1,344
16682.0,1028.0,5,1040
16416.0,1026.99,4,655
16533.0,1026.94,5,514
13956.0,1026.42,5,491
14904.0,1025.44,2,1985
15777.0,1021.61,5,375
14346.0,1021.58,2,605
13165.0,1021.48,2,1376
15839.0,1020.74,5,670
13376.0,1019.76,3,493
14276.0,1019.39,5,723
12828.0,1018.71,6,494
14083.0,1018.43,9,732
12514.0,1017.68,1,440
13728.0,1016.14,6,458
13867.0,1015.29,3,513
18142.0,1014.9,4,1273
12642.0,1013.26,3,552
12739.0,1013.04,2,486
17197.0,1013.01,1,191
12936.0,1012.9,5,539
14775.0,1011.9,3,1174
16229.0,1010.6,2,318
16174.0,1009.5500000000001,3,651
16160.0,1009.4499999999999,4,1153
13455.0,1007.35,4,345
14631.0,1006.98,3,622
13429.0,1006.8,4,1390
15329.0,1005.5,5,476
12572.0,1004.72,3,450
15104.0,1002.54,3,635
12446.0,1002.3100000000001,1,352
15706.0,1001.8100000000001,7,305
12545.0,1000.39,2,523
15508.0,1000.27,6,440
14214.0,1000.23,7,748
18143.0,1000.16,2,570
14389.0,999.72,5,702
16572.0,999.7,4,530
15434.0,997.48,6,638
13032.0,996.52,3,367
14540.0,996.26,3,421
17646.0,995.6600000000001,4,320
17724.0,995.6500000000001,4,289
17594.0,993.18,2,550
16009.0,992.71,4,378
17096.0,992.6800000000001,7,332
13363.0,992.5,2,710
17126.0,991.85,7,790
17951.0,990.8400000000001,4,610
17324.0,990.23,4,844
13410.0,988.91,7,513
15062.0,987.86,4,763
18237.0,987.1,5,622
13117.0,984.91,8,945
17144.0,984.57,2,483
17214.0,984.12,7,275
16232.0,983.23,5,547
12510.0,982.5699999999999,2,353
15133.0,982.42,3,680
14138.0,982.3800000000001,2,610
15071.0,982.07,2,269
16188.0,981.86,4,782
16907.0,981.65,5,298
16085.0,981.51,5,636
12541.0,981.18,3,680
12717.0,980.98,3,505
18170.0,980.3100000000001,3,409
13509.0,979.72,7,1106
15506.0,979.26,3,848
15132.0,977.9300000000001,5,679
14920.0,977.77,2,509
16376.0,977.52,3,689
15860.0,977.21,8,440
14223.0,975.23,4,583
14522.0,974.54,4,525
15747.0,974.04,3,480
13155.0,971.76,4,497
17100.0,971.74,2,800
17618.0,971.58,3,331
15449.0,971.22,5,810
15110.0,970.25,7,240
15907.0,967.45,3,509
17405.0,967.22,5,705
12550.0,964.83,1,569
14931.0,964.6800000000001,6,416
14195.0,962.7,3,702
13138.0,962.39,6,473
14006.0,962.19,3,641
15156.0,961.49,3,597
16419.0,959.48,7,435
15658.0,958.9,8,232
18192.0,957.97,1,339
13823.0,957.66,2,439
15948.0,955.24,2,567
17244.0,954.9,1,616
15835.0,954.09,4,439
16934.0,950.9300000000001,2,399
15421.0,950.36,4,500
16511.0,950.26,3,417
15793.0,948.96,4,552
13748.0,948.25,5,439
15787.0,948.05,3,540
12458.0,947.4,2,506
15681.0,946.36,6,556
15707.0,945.58,4,605
13261.0,944.1,2,210
12820.0,942.34,4,722
14075.0,942.26,3,754
13636.0,941.62,6,586
15576.0,940.6700000000001,1,404
17227.0,939.32,6,741
14629.0,939.21,3,376
12697.0,939.02,5,499
17097.0,937.92,9,457
17289.0,936.16,4,519
13026.0,936.15,8,1586
15289.0,935.1,4,996
14256.0,935.0600000000001,3,410
16657.0,933.62,4,1229
13655.0,932.97,2,605
14532.0,932.85,4,284
12924.0,929.95,5,480
15201.0,927.84,11,962
13805.0,924.6,2,1900
15654.0,922.5300000000001,2,475
13122.0,922.39,2,585
16551.0,922.12,3,970
13934.0,922.1,1,390
15312.0,921.1,5,513
17018.0,920.1,2,176
14140.0,920.05,3,809
13075.0,919.61,1,485
12822.0,918.98,3,548
14015.0,917.34,1,378
14712.0,917.07,3,315
17236.0,916.13,6,474
13549.0,916.12,8,457
15253.0,915.3,6,864
16216.0,914.9300000000001,1,254
12652.0,914.53,2,502
15587.0,913.6800000000001,4,312
15364.0,913.19,2,493
16809.0,912.74,6,651
13782.0,912.0,6,371
13192.0,911.94,2,595
16714.0,911.53,4,608
14289.0,911.26,6,292
18096.0,911.15,3,825
13350.0,910.72,3,284
13689.0,910.0,1,512
17552.0,909.96,6,708
15511.0,909.23,5,271
17323.0,908.99,9,770
13038.0,908.46,3,360
16584.0,908.03,3,635
14449.0,907.1,4,757
15480.0,905.5,1,303
15022.0,905.04,4,543
14081.0,904.67,4,593
12722.0,904.33,6,560
15807.0,903.9,3,430
12994.0,902.22,5,440
17566.0,901.21,2,518
17848.0,901.1999999999999,9,398
17886.0,899.61,3,481
13810.0,899.51,4,311
17537.0,897.62,2,700
17044.0,897.4300000000001,3,487
16361.0,896.66,4,421
18194.0,896.0,2,448
15865.0,895.13,3,368
15211.0,894.41,2,240
15079.0,893.66,5,388
12772.0,892.47,1,556
13515.0,891.12,4,681
15255.0,890.85,1,489
14240.0,890.34,2,418
14344.0,889.9300000000001,8,477
17829.0,889.24,1,496
17527.0,888.86,6,463
16347.0,887.65,2,353
13035.0,886.63,3,627
15822.0,885.47,2,375
17704.0,885.19,2,343
15799.0,884.14,3,955
14597.0,883.15,2,577
14359.0,882.58,6,363
18236.0,882.24,6,403
13037.0,881.07,3,431
15076.0,880.85,1,571
13662.0,879.08,7,538
14141.0,879.0300000000001,6,337
17731.0,878.2,5,392
15653.0,877.4399999999999,2,1200
17007.0,877.4300000000001,7,587
14770.0,876.42,2,490
12940.0,876.29,4,406
13566.0,874.71,2,575
16513.0,874.59,4,407
13294.0,873.74,2,453
12847.0,871.54,1,909
13200.0,870.09,4,516
13979.0,869.87,1,639
17109.0,869.6800000000001,8,573
12694.0,869.67,2,509
13203.0,869.46,4,800
14623.0,869.35,6,417
16801.0,867.83,5,313
15208.0,867.62,6,314
14715.0,867.38,4,521
16121.0,867.11,2,586
14332.0,866.3100000000001,3,481
16567.0,865.6,2,996
16221.0,864.86,3,717
17048.0,864.32,6,474
12680.0,862.81,4,443
16266.0,861.89,7,398
17649.0,861.74,2,398
12794.0,860.41,2,592
13339.0,860.12,1,326
14577.0,859.71,4,353
17064.0,859.35,3,318
14553.0,859.27,5,493
16235.0,858.41,6,328
16037.0,855.02,3,428
17560.0,854.95,5,651
16877.0,853.72,6,463
14193.0,853.39,2,445
16070.0,852.15,2,457
16027.0,852.12,7,1146
16020.0,851.01,3,487
13991.0,850.63,7,996
12379.0,850.29,3,406
17027.0,848.59,7,415
12713.0,848.55,1,508
14625.0,848.48,5,330
13846.0,847.61,4,383
13221.0,847.41,2,244
16222.0,846.72,1,365
15965.0,845.64,4,453
14803.0,845.55,3,370
17624.0,843.48,2,554
15164.0,843.05,3,360
12878.0,841.64,3,536
14912.0,841.52,3,970
14862.0,841.1999999999999,2,772
17076.0,841.0799999999999,3,295
13940.0,839.14,4,516
14657.0,838.27,5,465
15832.0,836.79,1,465
12728.0,836.33,4,419
17759.0,834.99,3,708
13835.0,834.57,4,442
17929.0,834.5,5,107
16644.0,833.78,2,826
15862.0,832.88,4,585
12693.0,830.96,6,250
13681.0,827.83,4,360
16747.0,826.96,4,577
12461.0,826.88,2,287
16494.0,826.53,1,675
17921.0,826.52,4,430
16284.0,823.97,2,544
14231.0,822.0600000000001,5,402
13893.0,821.1,1,190
13220.0,819.2900000000001,4,196
17764.0,818.82,2,395
17169.0,816.88,4,519
16943.0,816.73,3,145
16560.0,816.51,3,498
16108.0,816.1,2,599
15649.0,816.0,2,192
15399.0,815.77,3,611
14499.0,815.32,3,501
13280.0,814.86,3,522
16460.0,814.72,3,879
18064.0,814.0,2,384
17075.0,813.77,5,289
16600.0,813.52,6,1145
16621.0,813.48,4,302
14421.0,813.11,2,365
15644.0,813.0,4,557
17980.0,811.45,3,682
15525.0,811.02,4,414
16276.0,810.6000000000001,1,420
16624.0,810.5699999999999,2,488
13637.0,810.5,3,409
16660.0,810.4499999999999,5,451
16891.0,809.7,5,283
17115.0,806.9,5,368
15952.0,806.57,4,399
13707.0,806.41,2,351
12421.0,806.27,5,483
16869.0,805.62,5,581
16367.0,804.49,2,647
12778.0,804.23,7,824
12422.0,803.5600000000001,3,370
13929.0,802.85,3,139
16164.0,802.53,4,432
18265.0,801.51,2,311
16806.0,801.49,4,378
17905.0,800.24,4,407
13720.0,799.9,4,501
14475.0,799.82,6,428
13030.0,799.48,2,394
17703.0,798.74,3,590
16438.0,798.35,5,463
13389.0,797.96,3,429
12701.0,797.71,2,678
13336.0,795.12,1,559
15990.0,792.11,2,443
13167.0,791.33,4,785
13016.0,789.89,3,527
13323.0,787.85,5,175
15806.0,784.58,3,602
15743.0,784.46,4,216
17387.0,784.11,2,542
16054.0,783.9,1,380
18248.0,783.02,4,501
17006.0,781.78,4,272
17341.0,781.36,3,489
13884.0,781.3000000000001,6,297
15679.0,781.28,4,1170
13583.0,781.03,1,725
13212.0,780.58,4,309
14644.0,780.46,4,252
17797.0,780.43,3,498
17180.0,780.38,6,680
12735.0,779.5699999999999,2,368
16092.0,779.36,5,602
14815.0,778.5,2,744
17414.0,778.0,2,2100
16505.0,777.6,1,576
13563.0,777.53,2,209
12425.0,777.2,1,496
15353.0,777.02,2,343
13341.0,775.85,1,301
14234.0,775.46,4,963
16825.0,775.1800000000001,2,566
16725.0,775.07,8,293
15414.0,774.9000000000001,3,443
16043.0,773.99,4,503
15075.0,773.03,1,447
13375.0,772.9,2,441
16759.0,772.84,4,608
12965.0,771.91,1,283
17409.0,771.85,2,105
14662.0,771.17,4,602
12628.0,769.61,4,445
16480.0,769.29,1,455
18228.0,769.2,3,236
13356.0,768.24,1,325
17516.0,768.08,5,416
13109.0,766.84,5,514
14976.0,765.86,8,230
14550.0,765.62,2,394
14672.0,765.5500000000001,2,454
17695.0,765.34,2,779
14885.0,765.3199999999999,1,724
12434.0,765.19,4,373
15239.0,764.34,3,591
17268.0,763.64,4,844
17466.0,763.28,2,306
18136.0,761.83,4,373
15599.0,761.74,2,718
16205.0,761.38,4,517
14412.0,761.33,3,784
15066.0,760.59,2,279
17425.0,759.17,2,407
16036.0,758.92,2,716
15568.0,758.29,3,461
17461.0,757.46,3,799
16470.0,757.44,5,530
14883.0,756.64,7,789
18104.0,754.64,1,362
13730.0,752.6,2,488
17146.0,749.78,3,212
14923.0,749.1,1,418
17411.0,748.94,4,298
15074.0,748.87,1,455
15656.0,748.5,4,343
15831.0,747.76,4,1097
17114.0,747.22,10,210
15618.0,747.031,5,428
15533.0,746.92,5,256
16261.0,746.83,4,306
14050.0,746.36,2,689
14790.0,745.0600000000001,4,699
16770.0,744.9,6,452
13354.0,743.53,1,604
12374.0,742.9300000000001,1,342
13753.0,741.26,1,512
13900.0,740.95,3,430
17974.0,740.79,3,519
15252.0,740.78,2,522
13329.0,740.4,4,427
16924.0,739.5,4,480
12603.0,739.1999999999999,1,64
14756.0,738.96,1,416
12976.0,738.6,1,561
17979.0,737.81,5,395
18156.0,734.94,2,301
17034.0,734.5699999999999,4,406
16146.0,734.13,3,427
12465.0,733.89,3,475
17692.0,733.4399999999999,5,666
16256.0,732.63,2,577
17812.0,732.16,4,350
13575.0,732.0699999999999,5,449
16099.0,731.9,3,434
16491.0,731.5,1,478
14778.0,730.86,2,306
18035.0,730.4,3,611
13077.0,729.27,4,863
13950.0,728.56,5,321
17666.0,728.16,2,596
13236.0,727.27,3,411
14055.0,725.6400000000001,1,216
12723.0,725.07,5,434
15636.0,724.76,2,284
12468.0,724.0400000000001,3,364
13736.0,724.0,3,493
12475.0,723.38,1,535
15561.0,722.74,5,256
15584.0,722.61,5,312
17521.0,721.9599999999999,4,518
14869.0,721.95,3,549
15272.0,721.94,2,310
13370.0,721.32,2,336
18062.0,720.52,3,396
16023.0,719.81,3,358
14179.0,719.78,2,330
14725.0,718.08,1,593
17884.0,717.45,4,854
15274.0,716.57,2,619
12535.0,716.35,2,219
17029.0,716.0,2,400
18133.0,715.4999999999999,2,0
15330.0,714.96,2,1312
15757.0,714.42,2,491
13169.0,712.88,2,272
13147.0,712.8000000000001,4,144
17761.0,712.78,1,398
13416.0,712.5,2,142
17642.0,712.29,2,474
15855.0,712.24,5,470
13705.0,711.86,3,363
17179.0,711.79,3,290
13249.0,711.41,3,546
17472.0,710.29,3,462
14127.0,709.71,3,321
16136.0,709.38,3,440
12427.0,708.37,5,236
12781.0,707.72,5,592
12453.0,707.09,1,473
16364.0,707.04,2,280
17526.0,706.7,8,257
14880.0,706.19,3,373
16882.0,705.12,3,424
17934.0,704.25,2,478
16140.0,703.77,4,727
12883.0,703.47,4,196
18082.0,703.37,1,621
15103.0,703.36,2,329
16730.0,702.79,4,898
15574.0,702.25,4,349
16997.0,702.0,3,360
14867.0,701.33,4,327
17321.0,700.86,2,373
17734.0,700.63,3,422
15800.0,699.08,2,335
13258.0,698.58,3,287
17796.0,697.9,4,178
15053.0,697.79,3,986
13596.0,697.04,2,406
17397.0,696.41,2,254
12413.0,694.15,5,282
12925.0,694.05,2,541
13601.0,693.32,2,548
17198.0,692.22,3,357
17733.0,692.19,2,463
13838.0,691.73,4,263
16015.0,690.54,4,906
18085.0,689.95,2,265
13023.0,689.9,2,286
18196.0,689.13,2,433
17502.0,689.1,4,376
13799.0,688.86,2,402
14111.0,688.6,5,457
14201.0,688.04,9,578
16309.0,686.67,3,465
12658.0,686.05,1,320
14009.0,685.9300000000001,3,361
14959.0,684.97,5,491
16122.0,684.4200000000001,4,1128
16495.0,684.41,3,337
12942.0,683.9,3,203
14222.0,683.17,1,607
12838.0,683.13,2,359
15582.0,682.9100000000001,3,453
13548.0,682.41,2,441
18135.0,681.9100000000001,5,349
16212.0,681.19,3,241
12410.0,681.08,3,209
12478.0,680.99,1,236
13238.0,680.83,5,296
15304.0,680.3000000000001,10,100
15181.0,680.28,5,542
13524.0,680.1800000000001,5,324
16872.0,680.0200000000001,3,600
16642.0,679.83,3,478
14788.0,679.4399999999999,2,421
13607.0,678.01,1,290
15669.0,677.69,5,339
13040.0,676.99,2,355
16377.0,676.2,1,1500
15626.0,675.8,2,766
13325.0,675.3,1,240
16418.0,675.27,3,288
13355.0,674.7,1,314
16449.0,674.69,3,359
13464.0,674.68,1,403
17749.0,674.52,2,320
13951.0,674.45,3,459
14504.0,673.26,4,308
18121.0,673.1,2,450
13623.0,672.4399999999999,7,286
14628.0,671.96,2,272
17883.0,671.77,4,379
12638.0,671.69,1,577
15951.0,669.57,3,306
17299.0,669.11,4,678
14643.0,668.61,3,755
12418.0,668.58,1,407
16383.0,668.36,2,475
15031.0,668.14,4,401
18022.0,668.11,1,736
16268.0,667.65,2,533
14356.0,666.9399999999999,4,266
15400.0,666.7,6,360
13741.0,666.33,4,217
17777.0,665.86,3,507
17105.0,665.78,2,693
15038.0,665.59,7,187
16056.0,664.85,1,347
13963.0,664.54,4,460
16208.0,664.26,2,333
15700.0,664.03,3,328
14720.0,663.8100000000001,3,219
13240.0,663.65,4,298
17423.0,663.63,4,421
14198.0,663.5,7,280
17462.0,662.94,3,224
14451.0,662.59,2,389
14603.0,660.0,1,400
13028.0,659.68,3,796
15492.0,659.4599999999999,2,483
13518.0,659.4399999999999,1,392
13759.0,659.41,2,287
16357.0,658.88,3,246
14150.0,658.64,2,496
17874.0,658.26,7,209
16696.0,657.9000000000001,4,146
14818.0,657.8,3,324
17459.0,657.3,2,537
12616.0,657.25,5,273
15677.0,657.23,1,319
13049.0,656.6800000000001,2,268
16708.0,656.63,1,285
15197.0,656.4399999999999,5,453
16127.0,656.25,1,323
14894.0,655.75,1,265
16774.0,654.92,5,318
14651.0,654.6,2,344
17398.0,653.38,3,310
18151.0,653.35,2,355
16014.0,653.13,4,261
14044.0,652.82,4,308
14548.0,652.8,2,256
17523.0,652.74,4,872
16362.0,652.07,9,325
16734.0,650.51,3,346
16469.0,650.4300000000001,4,273
15571.0,650.4300000000001,4,264
16969.0,650.41,3,816
15098.0,649.5,5,60
15205.0,648.83,3,377
13430.0,648.6899999999999,4,738
16573.0,648.41,4,354
13564.0,647.74,5,659
15643.0,647.4,6,242
17373.0,646.92,4,408
12589.0,646.68,2,306
15651.0,646.3,3,479
17545.0,645.96,3,341
14855.0,645.65,2,267
14829.0,644.65,6,414
17312.0,644.3,3,372
16157.0,644.24,4,344
14126.0,643.63,4,458
12612.0,643.59,2,251
16431.0,642.81,3,453
14020.0,642.8,2,441
13034.0,642.77,2,369
17779.0,642.17,5,394
17046.0,642.02,1,510
16554.0,641.55,7,311
12624.0,641.13,2,355
13417.0,640.83,2,162
13318.0,640.76,3,304
12631.0,640.5,1,236
15919.0,639.89,2,545
17515.0,639.02,4,243
16444.0,638.77,5,405
18160.0,638.0600000000001,2,294
14754.0,638.05,2,486
14664.0,637.89,2,466
14128.0,637.5,2,564
14481.0,636.51,2,489
15829.0,636.14,2,996
15384.0,635.76,3,593
15773.0,635.6800000000001,1,311
16139.0,635.41,3,330
15100.0,635.1,6,58
15297.0,635.04,4,290
17985.0,634.95,1,183
14000.0,633.71,2,707
15045.0,633.66,3,106
13892.0,632.97,4,983
14220.0,632.4,2,272
14301.0,632.04,2,600
13822.0,632.0,2,611
14021.0,631.9,3,192
15244.0,631.57,2,405
17990.0,630.84,3,414
17994.0,629.6899999999999,6,473
13046.0,629.3100000000001,2,264
13525.0,628.78,2,394
14687.0,628.38,1,470
16022.0,628.28,1,261
13388.0,627.15,3,281
15028.0,627.13,4,459
13546.0,626.99,3,359
15402.0,626.77,2,694
14036.0,626.65,1,268
18218.0,626.38,4,546
14382.0,626.0699999999999,1,1237
16750.0,623.93,5,214
16718.0,623.75,1,413
13368.0,623.4,2,327
15258.0,623.16,2,142
17499.0,622.88,1,711
15182.0,622.85,2,253
17867.0,622.75,8,253
18217.0,621.75,2,491
16915.0,621.6800000000001,6,132
17640.0,621.66,1,250
13402.0,621.23,2,479
16141.0,620.4,1,238
12667.0,620.13,1,395
14529.0,620.04,3,348
13493.0,618.63,2,380
16613.0,618.59,1,293
12596.0,618.27,2,474
13301.0,618.09,4,345
14593.0,617.99,3,332
13496.0,617.93,3,329
14377.0,617.05,2,219
16442.0,616.79,3,446
13925.0,616.65,6,327
16311.0,616.26,2,394
15215.0,615.99,6,211
16005.0,615.39,4,300
13145.0,614.77,5,142
16566.0,614.01,6,361
13914.0,613.95,3,379
15073.0,612.43,4,277
18149.0,612.0799999999999,3,310
15232.0,612.06,2,686
15645.0,612.01,1,256
16109.0,611.88,2,612
14152.0,611.09,3,699
13731.0,610.59,2,278
12673.0,610.52,2,351
15795.0,610.01,1,581
13357.0,609.95,1,322
14636.0,609.85,2,241
15275.0,609.19,2,497
13933.0,608.7900000000001,2,205
15147.0,608.65,2,363
12719.0,608.1,3,361
14342.0,607.71,6,337
15573.0,607.45,2,363
12933.0,606.28,4,498
14710.0,606.13,4,378
13539.0,605.84,4,314
17849.0,605.8000000000001,4,114
13888.0,605.63,2,258
17507.0,605.58,2,359
13233.0,605.12,2,1004
13558.0,605.06,4,344
14675.0,604.75,1,341
17664.0,604.64,2,604
12944.0,604.51,2,289
16732.0,603.75,1,317
12649.0,603.71,4,574
12556.0,603.71,2,358
16134.0,603.6899999999999,3,357
12707.0,603.42,1,256
17259.0,603.37,2,410
15322.0,602.97,2,365
15366.0,602.51,2,621
16306.0,602.27,9,471
17890.0,602.09,2,416
12654.0,601.98,5,264
14609.0,601.56,4,7026
18183.0,600.52,6,362
12420.0,600.39,1,345
18211.0,600.07,5,359
13243.0,600.07,1,233
12872.0,599.97,2,319
15648.0,599.9,4,213
14905.0,599.9,3,274
12521.0,599.68,1,309
14965.0,599.0,2,365
17420.0,598.83,3,265
14467.0,598.76,4,278
15720.0,598.73,1,281
13311.0,598.57,2,305
16298.0,598.2,3,198
13959.0,598.2,3,357
17864.0,597.5,3,810
16788.0,597.48,2,311
14645.0,597.09,2,381
15381.0,596.85,2,171
18246.0,596.1,2,166
12577.0,595.4,4,466
16654.0,594.97,5,280
16763.0,594.9,2,318
14108.0,594.16,3,380
15442.0,594.0,1,120
12917.0,594.0,1,120
16535.0,593.75,1,356
17119.0,593.61,3,327
16116.0,592.88,2,246
13811.0,591.75,4,67
13276.0,590.9300000000001,2,161
14133.0,590.3399999999999,5,342
13452.0,590.0,2,2
13270.0,590.0,1,200
14882.0,589.7,2,158
18123.0,589.4399999999999,2,594
16723.0,589.15,2,399
16203.0,589.15,5,261
15624.0,588.13,4,357
17351.0,587.15,3,113
12513.0,586.79,2,456
17360.0,585.79,3,335
15222.0,585.0,1,440
16384.0,584.5,2,260
16072.0,584.32,1,140
14023.0,584.07,2,345
13557.0,584.06,2,546
15762.0,583.75,2,251
16838.0,582.9,3,184
15969.0,582.9,4,120
12426.0,582.73,1,258
13427.0,582.6,3,545
17970.0,582.59,1,525
18232.0,582.47,5,299
12695.0,582.1,4,220
14692.0,582.05,5,255
15768.0,581.83,4,243
18095.0,580.0500000000001,2,419
16906.0,579.77,4,281
17142.0,579.0,1,81
13292.0,578.9399999999999,2,347
13314.0,578.66,4,484
14284.0,578.45,3,157
14410.0,576.3,15,293
16916.0,576.26,2,440
15550.0,575.63,4,295
16345.0,575.41,1,289
13487.0,575.4,3,265
14167.0,574.84,4,150
12784.0,574.42,2,300
14323.0,574.26,4,340
15303.0,574.02,1,248
14176.0,574.0,5,207
15415.0,572.8100000000001,1,575
13379.0,572.56,3,601
13405.0,572.451,3,165
12816.0,572.2,2,128
17616.0,571.1999999999999,3,224
15821.0,570.96,2,202
14592.0,570.46,3,415
17540.0,570.4,3,193
16667.0,570.13,2,237
12601.0,569.5600000000001,6,244
13321.0,567.36,2,372
18150.0,566.58,3,332
12384.0,566.16,3,121
17014.0,565.58,4,240
14753.0,563.15,1,211
17265.0,562.9,2,394
12414.0,562.41,3,300
13946.0,561.5699999999999,3,443
13044.0,560.47,1,429
14273.0,559.97,4,264
16275.0,559.87,1,336
14400.0,559.7,2,450
18043.0,559.51,3,282
12866.0,559.12,1,171
17503.0,558.96,2,486
13800.0,558.32,1,331
13260.0,557.62,1,142
15339.0,557.57,3,414
17955.0,557.3,4,273
17295.0,556.95,3,294
13939.0,556.75,4,843
16385.0,555.89,3,261
13816.0,555.04,4,260
14805.0,554.65,4,115
14177.0,554.46,5,204
14891.0,554.38,2,505
14338.0,554.22,4,329
15068.0,553.36,2,364
12879.0,552.5699999999999,4,363
12363.0,552.0,2,408
15315.0,551.54,3,838
17674.0,551.0400000000001,2,672
17291.0,550.8000000000001,1,72
17235.0,550.06,2,224
12390.0,549.84,1,353
16340.0,549.07,1,501
16031.0,548.94,2,423
15830.0,547.7,2,409
16811.0,547.07,2,477
17637.0,547.0600000000001,2,280
17520.0,546.81,1,365
12743.0,546.43,2,319
17806.0,546.04,1,727
12793.0,545.48,2,295
12987.0,545.0,3,217
16475.0,544.3,4,319
13617.0,544.18,3,300
13390.0,544.08,1,224
16927.0,543.05,3,993
16211.0,542.77,2,153
13278.0,542.73,1,537
16230.0,542.03,2,365
17447.0,541.53,2,443
17557.0,541.46,3,306
17897.0,541.1,4,223
14997.0,540.98,4,1102
13874.0,540.45,1,180
16536.0,539.02,2,250
13812.0,539.0,3,333
14496.0,538.8100000000001,2,159
15452.0,538.73,3,283
14618.0,538.59,4,261
15539.0,538.46,1,410
16278.0,537.83,3,109
17345.0,537.74,4,346
14474.0,537.71,2,139
14539.0,537.48,2,428
16206.0,537.0600000000001,4,272
15043.0,537.0,1,300
16804.0,536.99,3,246
12559.0,536.21,3,281
13894.0,535.97,5,339
16142.0,535.34,1,422
12988.0,535.32,1,136
13000.0,534.85,3,379
13385.0,534.57,1,281
17062.0,534.47,5,428
17443.0,534.24,1,504
13434.0,534.24,2,300
15756.0,532.96,4,242
15825.0,532.94,1,220
16706.0,531.35,3,249
14265.0,530.18,2,330
18159.0,530.15,1,139
16933.0,530.08,5,281
14002.0,529.73,2,877
14463.0,529.62,3,179
16185.0,529.41,2,260
17631.0,528.33,3,334
17623.0,527.0500000000001,1,265
18252.0,526.67,2,239
17888.0,525.78,10,431
17290.0,525.24,2,404
15891.0,524.52,1,442
13721.0,524.14,1,316
17329.0,523.11,2,142
18017.0,523.0,3,300
17712.0,522.91,1,215
14871.0,522.38,4,185
15149.0,520.8000000000001,1,128
14873.0,519.68,1,168
12571.0,519.61,2,523
13643.0,519.44,3,273
16650.0,518.42,1,372
15030.0,518.28,2,372
16135.0,517.55,1,209
17454.0,517.53,4,243
18205.0,517.36,2,192
12811.0,514.85,3,230
15246.0,514.15,2,247
17513.0,513.2,1,254
17805.0,512.31,1,478
17429.0,512.12,4,616
14034.0,512.02,4,315
15467.0,511.88,4,306
12582.0,511.36,2,300
14851.0,511.35,2,325
15655.0,511.32,2,319
16561.0,511.12,2,244
16325.0,510.54,5,164
12904.0,509.58,2,302
12436.0,509.01000000000005,1,211
17391.0,508.8,2,480
15417.0,508.8,1,284
14317.0,508.58,1,255
17958.0,508.46,1,84
17415.0,507.84,1,114
14158.0,507.66,1,781
14820.0,507.29,4,253
15721.0,507.08,1,409
16960.0,507.05,3,304
13885.0,506.8,2,182
17480.0,506.51,2,336
16614.0,506.19,1,223
14014.0,505.18,1,1076
15469.0,504.5,4,150
12863.0,504.2,2,186
12991.0,503.76,2,405
17630.0,503.59999999999997,2,158
15006.0,502.09,1,302
13865.0,501.56,4,204
13247.0,501.12,4,328
16616.0,500.42,2,370
15389.0,500.0,1,400
14958.0,499.68,3,129
14077.0,499.42,5,268
15193.0,499.32,1,144
14681.0,498.95,3,76
15142.0,498.74,1,365
17298.0,498.42,2,387
16820.0,497.61,1,307
17495.0,497.56,2,229
16368.0,497.43,2,260
16892.0,496.84,7,235
15300.0,496.44,1,292
17053.0,496.38,2,121
17374.0,495.77,2,85
15882.0,495.36,5,266
16602.0,494.72999999999996,2,317
15448.0,494.64,1,232
16352.0,494.44,2,300
17333.0,494.25,1,375
12763.0,494.08,2,316
16955.0,493.67,5,246
13176.0,492.84,1,453
14270.0,492.65000000000003,1,197
15507.0,492.36,1,162
16488.0,492.2,4,724
13732.0,491.86,1,498
14236.0,490.86,2,310
15000.0,490.52,1,218
14416.0,490.22,2,326
18074.0,489.6,1,190
17361.0,488.2,3,157
13984.0,488.03,6,271
14396.0,487.99,2,225
15165.0,487.75,1,160
16643.0,487.51,1,269
15081.0,487.35,6,188
13675.0,486.82000000000005,2,330
17453.0,486.71999999999997,2,219
13153.0,486.22,1,418
12639.0,486.1,1,201
17658.0,485.88,3,522
15287.0,485.24,3,432
13116.0,485.19,2,290
16999.0,484.82,2,294
16504.0,484.38,1,524
12809.0,484.36,2,219
14130.0,483.86,1,258
13531.0,483.8,2,174
12808.0,483.65000000000003,3,188
17555.0,483.26,2,349
14450.0,483.25,3,241
16603.0,482.47,2,480
16693.0,482.01,2,204
18216.0,481.75,1,200
16863.0,481.35,4,392
16518.0,480.92,3,325
16812.0,479.35,1,81
16008.0,478.78,3,323
12644.0,477.91,1,325
12479.0,477.3,3,351
15091.0,476.96,2,343
15344.0,476.58,5,106
12447.0,476.49,1,190
15780.0,475.28000000000003,3,220
15349.0,473.81,2,327
15557.0,473.65000000000003,1,219
16859.0,473.14,5,656
16374.0,473.03000000000003,2,240
14013.0,473.02,3,462
17950.0,472.12,4,342
17964.0,471.7,2,301
13043.0,471.57,2,251
16885.0,471.51,3,184
15963.0,470.76,2,298
15471.0,469.48,1,266
15026.0,469.0,3,285
13005.0,468.95,3,167
14896.0,468.77000000000004,2,279
14147.0,468.4,3,96
14335.0,468.26,2,379
14029.0,467.66,2,198
13579.0,467.04,2,176
13248.0,465.68,2,305
15036.0,465.55,3,327
17140.0,465.32,1,302
13928.0,464.57,4,129
16586.0,463.95,1,95
14967.0,463.8,1,140
15109.0,463.75,2,127
12787.0,463.66,3,261
17418.0,463.46000000000004,2,289
14489.0,463.38,1,299
14853.0,463.04999999999995,3,81
12945.0,462.95,1,165
14331.0,462.66,2,252
14470.0,461.19,2,193
12391.0,460.89,1,300
16824.0,460.64,2,236
16805.0,460.59,2,539
12491.0,460.40000000000003,1,260
15535.0,459.9,7,129
13092.0,459.83,6,271
12355.0,459.4,1,240
16589.0,459.24,3,368
17880.0,458.92,1,314
16768.0,458.04,5,191
17392.0,457.91,2,320
15092.0,457.81,2,135
15121.0,457.72,2,199
14497.0,457.47,2,233
13398.0,457.34,1,281
12564.0,456.9,1,133
15589.0,456.58,4,242
15018.0,456.26,4,188
12999.0,455.88,3,342
15754.0,455.67,4,197
12375.0,455.42,3,177
15585.0,455.3,1,320
16529.0,455.25,1,198
15223.0,454.9,3,98
16038.0,454.33,4,241
13485.0,454.24,1,277
15475.0,454.11,1,319
17564.0,454.01,3,146
12729.0,453.01,1,233
18071.0,453.0,2,260
14184.0,452.89,1,127
12591.0,452.85,1,228
13506.0,452.82,3,321
17460.0,452.63,8,176
12970.0,452.24,4,310
18158.0,451.75,3,353
16574.0,451.44,1,416
14173.0,450.84000000000003,4,150
17040.0,449.73,1,181
13489.0,449.52,4,560
12448.0,449.45,1,243
15739.0,449.12,1,472
18176.0,448.65,2,279
14780.0,447.68,2,310
15456.0,447.22,3,660
15368.0,446.94000000000005,1,230
15889.0,446.87,2,215
17370.0,446.18,4,540
18006.0,444.68,1,220
16898.0,444.46,4,386
14638.0,443.6,1,166
16404.0,443.05,1,157
18222.0,443.0,1,335
14093.0,442.85,1,406
16163.0,441.6,3,92
15877.0,440.78000000000003,3,246
17579.0,440.2,4,256
18233.0,440.0,1,4
15524.0,440.0,1,4
14022.0,440.0,1,487
16025.0,439.65999999999997,1,338
16968.0,439.43,2,326
13358.0,439.03000000000003,1,285
14513.0,438.49,4,355
15468.0,438.46,5,150
15881.0,438.24,8,199
14272.0,437.96,2,599
12552.0,437.82,2,88
16034.0,437.7,3,242
12592.0,437.6,2,290
15553.0,437.23,1,451
16084.0,436.18,1,216
15551.0,436.06,1,218
16948.0,435.02000000000004,3,1614
16236.0,432.2,1,184
16881.0,432.0,1,600
13338.0,431.82,3,247
13359.0,431.26,2,159
15976.0,430.94,2,277
13066.0,430.90000000000003,3,320
18106.0,430.7,1,128
13245.0,430.5,1,125
12795.0,430.48,1,68
12827.0,430.15000000000003,3,197
14998.0,429.87,2,270
16884.0,429.84000000000003,2,320
15450.0,429.84,1,376
15230.0,429.6,2,351
15957.0,428.89,1,211
13602.0,428.89,1,267
16324.0,428.68,3,282
12452.0,428.57,3,183
17869.0,428.18,5,111
15360.0,427.93,1,223
12725.0,427.8,1,164
12740.0,427.6,1,342
15994.0,427.07,1,177
13171.0,426.81,5,227
17223.0,426.79,2,112
15930.0,426.63,1,139
15406.0,426.61,4,236
15639.0,425.32,1,323
16780.0,425.19,2,271
15646.0,425.14000000000004,4,388
17134.0,425.0,2,102
17371.0,423.89,3,152
13140.0,423.72,3,186
16119.0,423.36,2,240
15012.0,423.04,2,231
18034.0,422.88,2,561
17525.0,422.70000000000005,1,82
18240.0,422.58,1,126
16233.0,422.13,5,165
17232.0,421.52,2,203
14757.0,420.5,1,160
15206.0,420.29999999999995,4,162
14124.0,419.58,1,1618
15361.0,418.92,1,336
15967.0,418.83,2,211
12593.0,418.09999999999997,3,206
17701.0,417.95,1,109
15433.0,417.87,3,399
16629.0,417.73,2,493
16737.0,417.59999999999997,1,288
13473.0,417.54,3,260
12833.0,417.38,1,156
18001.0,417.23,2,363
16816.0,417.06,4,274
13889.0,416.90000000000003,1,146
15935.0,416.86,2,115
12493.0,416.79,3,206
16957.0,416.64,2,172
15803.0,415.82,1,290
14139.0,415.82,1,510
12580.0,415.7,1,238
15725.0,415.25,1,221
16795.0,414.88,1,239
12993.0,414.76,4,240
13166.0,414.7,2,214
17483.0,414.04,3,191
14288.0,413.85,2,187
17052.0,413.75,1,261
13974.0,413.59000000000003,1,249
16834.0,413.46,1,358
12802.0,412.58,2,302
13827.0,412.05,3,141
15523.0,412.01000000000005,1,132
16272.0,411.7,1,224
17913.0,411.6,2,289
14670.0,411.53,2,337
15186.0,411.41,2,215
12579.0,410.71999999999997,3,278
15099.0,410.48,1,343
15695.0,409.98,2,212
12930.0,409.90000000000003,4,250
12403.0,409.7,2,95
14348.0,409.57,1,183
12990.0,409.5,3,200
15225.0,409.40000000000003,1,226
16243.0,409.1,2,110
16018.0,408.9,2,190
15269.0,408.8,1,26
16399.0,408.57,2,264
17931.0,408.36,2,249
16010.0,407.5,3,210
15184.0,406.76,2,223
15127.0,406.53,1,251
16947.0,406.48,1,312
14616.0,406.08000000000004,3,104
16204.0,405.71,1,231
18036.0,405.62,3,234
12922.0,405.38,1,370
17379.0,404.66,1,663
15938.0,404.58,5,240
16319.0,404.40000000000003,1,72
12498.0,403.70000000000005,3,159
17431.0,403.3,1,292
12386.0,401.9,2,354
15158.0,401.40000000000003,1,198
16500.0,400.86,6,123
16198.0,400.68100000000004,1,129
12792.0,400.53999999999996,1,217
14157.0,400.43,3,273
13615.0,399.99,2,183
15809.0,399.21,6,251
18154.0,399.19,2,255
15522.0,398.84,2,573
17830.0,398.7,3,92
12508.0,398.27,2,272
14431.0,397.76000000000005,2,122
17926.0,397.29,2,306
12824.0,397.12,1,232
13594.0,396.97,1,359
13673.0,396.92,2,119
17486.0,396.87,1,191
15883.0,396.48,2,223
18067.0,396.33,1,189
16354.0,395.8,2,150
18164.0,394.7,2,183
16207.0,394.38,1,140
15386.0,394.14,1,446
15264.0,393.74,1,265
17226.0,393.49,1,406
14600.0,393.33000000000004,1,125
14620.0,393.28000000000003,3,188
15837.0,391.98,1,189
15342.0,391.76,2,276
16917.0,391.52,1,232
13255.0,390.66,3,174
17614.0,390.07,1,238
14910.0,389.86,7,221
17936.0,389.84,1,262
14752.0,389.64,1,260
16250.0,389.44,2,208
13352.0,389.28,2,315
15847.0,389.27,2,449
12690.0,389.01,1,106
17595.0,388.79,2,229
15592.0,388.58,1,354
13899.0,388.52,2,156
17035.0,388.33,3,201
16776.0,388.28,1,262
14538.0,388.25,2,155
17357.0,388.14,2,153
17817.0,387.68,3,67
17508.0,387.31,1,289
14114.0,386.53,2,101
14779.0,386.15,3,84
14420.0,385.87,2,333
13821.0,385.64,2,153
17711.0,385.1,2,246
13833.0,384.8,1,118
17250.0,384.52,2,168
17189.0,384.40000000000003,2,227
17205.0,384.08,1,884
16982.0,384.06,1,182
12733.0,383.95,1,137
12515.0,383.7,1,131
15440.0,383.68,3,197
15424.0,383.34,2,554
14460.0,383.34,4,869
12832.0,383.03,2,195
13817.0,382.98,2,211
18181.0,382.8,1,146
13657.0,382.14,2,209
17999.0,382.06,2,221
13873.0,381.7,4,138
15090.0,381.32,1,208
16441.0,381.2,2,173
12871.0,380.64,2,200
15048.0,380.57,5,183
16930.0,380.55,3,341
17138.0,380.5,1,126
12890.0,380.46999999999997,1,259
16769.0,380.39,1,83
17031.0,380.35,2,235
14731.0,380.02,3,256
17239.0,379.95,2,149
14594.0,379.83,2,185
16552.0,379.73,2,219
13656.0,379.65,2,490
13589.0,379.65,2,114
14619.0,379.51,2,145
17878.0,379.45,1,401
16484.0,379.4,3,194
15885.0,379.35,3,111
13372.0,378.64,1,159
13954.0,378.59,3,141
17438.0,378.3,2,100
17078.0,378.2,2,788
13345.0,377.6,2,139
12982.0,377.2,2,278
15025.0,377.01,1,189
17489.0,376.64,2,428
14448.0,375.35,2,104
14048.0,375.13,2,274
14079.0,375.09999999999997,1,301
16147.0,375.0,1,246
14067.0,374.7,2,361
17492.0,374.57,1,155
12873.0,374.0,1,128
13351.0,373.94,1,117
13569.0,373.75,2,164
16903.0,373.24,1,262
16239.0,372.9,3,218
17375.0,372.5,4,361
12981.0,372.21999999999997,2,242
16065.0,372.09,1,231
17765.0,371.88,3,144
15472.0,371.56,1,251
15975.0,371.01,1,243
15063.0,370.79999999999995,1,56
16343.0,370.48,2,195
16758.0,369.34,1,203
14888.0,369.2,1,184
16372.0,367.93,2,166
15345.0,367.69,2,78
17911.0,366.23,1,223
17358.0,365.85,2,202
17432.0,365.76,2,207
13300.0,365.29,2,201
16202.0,365.27,1,191
15429.0,364.9,3,369
14886.0,364.8,1,160
15949.0,364.72,2,284
12373.0,364.6,1,197
15343.0,364.5,1,84
14528.0,364.21999999999997,1,278
16909.0,364.14,2,434
12538.0,363.95,1,191
17330.0,363.9,2,120
15901.0,363.88,3,384
14171.0,363.79,1,167
16509.0,363.7,1,64
18056.0,363.65,1,211
16485.0,363.65,1,235
12915.0,363.65,2,93
15922.0,363.6,2,136
14932.0,363.53,1,80
13856.0,363.4,5,484
14427.0,363.34000000000003,2,228
16378.0,362.95,3,267
17573.0,362.9,4,302
16052.0,362.06,1,282
13844.0,361.62,1,196
13936.0,361.28,2,324
14950.0,361.25,2,135
16305.0,361.21999999999997,1,256
13291.0,361.11,1,233
15872.0,360.93,2,212
16595.0,360.16,1,335
13780.0,360.01,2,318
13298.0,360.0,1,96
15664.0,358.63,2,141
14690.0,358.61,3,163
17948.0,358.56000000000006,1,144
16823.0,358.38,1,136
13228.0,358.0,1,200
13976.0,357.98,1,154
16274.0,357.95,1,155
17025.0,357.77,3,235
18040.0,357.2,2,148
13453.0,356.97999999999996,2,134
14500.0,356.85,3,117
15247.0,356.0,1,160
12544.0,355.7,2,132
14537.0,355.56,1,120
12617.0,355.53,1,213
17742.0,355.11,2,89
13642.0,354.8,1,173
17222.0,354.15,1,128
15870.0,354.09000000000003,1,335
12845.0,354.09,4,204
17252.0,353.86,2,193
12715.0,353.86,1,197
13173.0,353.65,2,277
13210.0,353.48,1,316
14804.0,353.27,1,121
17976.0,353.19,1,106
15678.0,352.7,1,184
18112.0,352.69,2,255
15334.0,351.67,3,274
14333.0,351.45,2,52
15789.0,351.3,1,438
13923.0,351.13,1,185
15900.0,351.11,1,221
13332.0,350.9,1,179
13740.0,350.75,1,425
17835.0,350.64,3,348
17795.0,350.39,2,341
13919.0,350.15999999999997,3,437
13108.0,350.06,1,298
12532.0,349.83000000000004,1,153
13670.0,349.7,1,282
13887.0,349.55,1,147
15405.0,349.1,1,193
13927.0,348.99,1,214
13790.0,348.8,1,748
18127.0,348.73,3,188
12527.0,348.71000000000004,3,234
15579.0,348.6,2,120
16159.0,348.2,1,236
13052.0,348.15000000000003,1,222
14379.0,348.1,2,292
18155.0,347.82,4,258
17668.0,347.75,2,93
12895.0,347.3,3,204
13587.0,347.0,3,160
13062.0,346.98,1,343
15713.0,346.75,3,149
12566.0,346.7,2,264
13649.0,346.6,2,139
16423.0,346.12,1,230
16858.0,345.89000000000004,2,83
15840.0,345.66,3,394
17123.0,345.3,1,246
13774.0,345.0,1,192
14633.0,344.90000000000003,1,96
16978.0,344.33,1,166
17569.0,344.14,1,159
13068.0,344.0,2,200
15120.0,343.82,2,292
15047.0,343.62,1,222
15520.0,343.5,1,314
18081.0,343.45,3,195
12875.0,343.2300000000001,2,2019
14320.0,343.11,3,239
18250.0,342.92,2,198
17201.0,342.63,1,268
16851.0,342.45,3,271
16826.0,341.7,1,158
13347.0,341.36,1,205
17917.0,341.28,3,187
14491.0,340.93,2,139
12519.0,340.84,1,183
15115.0,340.11,1,157
13737.0,339.59999999999997,1,125
17045.0,339.44,3,106
16545.0,339.3,1,78
17697.0,338.95,1,93
17839.0,338.8,1,285
16183.0,338.71000000000004,1,113
15652.0,337.74,1,208
17736.0,337.49,4,237
15942.0,337.44,1,232
13930.0,337.34,2,274
17973.0,337.04,1,176
16105.0,336.96,1,330
17914.0,336.43,1,473
17384.0,336.40000000000003,2,88
15619.0,336.40000000000003,1,136
14954.0,336.17,1,127
18078.0,336.13,2,145
15921.0,336.03000000000003,1,166
14196.0,335.52,1,142
16063.0,335.32,1,262
17221.0,335.13,2,288
12489.0,334.93,1,105
14988.0,334.54,1,141
15466.0,334.53,1,246
12350.0,334.4,1,197
15918.0,334.23,2,153
13216.0,333.74,1,297
15781.0,333.56,4,178
13727.0,333.48,2,162
16625.0,333.08,1,164
13904.0,332.64,2,332
16850.0,332.41,1,249
16803.0,332.3,1,245
16177.0,331.95,1,95
16030.0,331.24,1,283
15210.0,331.18,1,228
16478.0,331.0,3,224
12891.0,331.0,3,950
17862.0,330.9,1,100
15714.0,330.88,2,187
13706.0,330.79,1,189
14517.0,330.45,2,91
15130.0,330.11,1,197
16593.0,330.03,3,116
12953.0,329.85,1,84
14716.0,329.68,2,604
17615.0,329.6,3,140
13239.0,329.56,1,363
17154.0,329.34,1,490
15153.0,329.25,1,198
14012.0,328.8,1,160
16855.0,328.4,2,164
16318.0,328.15,1,199
15314.0,327.97,1,313
14024.0,327.7,2,150
16366.0,327.3,1,256
14870.0,327.25,1,119
16322.0,326.75,2,231
17715.0,326.4,1,384
14987.0,326.4,2,128
16071.0,326.24,1,180
12844.0,325.96000000000004,2,125
16830.0,325.91,1,264
17866.0,325.7,2,173
15944.0,325.1,1,50
15213.0,325.05,3,270
12790.0,324.92,1,166
13801.0,324.8,1,168
18261.0,324.24,2,146
16685.0,324.24,2,396
14555.0,324.14,2,130
15675.0,323.69,3,527
18276.0,323.36,3,184
17793.0,323.04,1,232
13955.0,322.96,2,154
16627.0,322.8,1,162
16342.0,322.41,4,157
14424.0,322.08,1,48
14484.0,321.92,1,210
14823.0,321.43,3,88
15236.0,321.05,1,269
13497.0,321.05,3,159
18117.0,320.72,1,618
12365.0,320.69,3,173
16096.0,320.62,1,155
14622.0,320.58000000000004,1,146
13986.0,320.46,1,430
13091.0,319.82,2,450
16716.0,319.8000000000001,3,44
16674.0,319.61,2,188
14264.0,319.47,3,66
16499.0,319.1,5,122
16967.0,319.02,1,333
17229.0,318.76,2,185
17248.0,318.65,1,213
14703.0,318.17,1,183
15363.0,318.05,2,143
12648.0,318.05,1,160
18066.0,318.0,1,108
17267.0,317.62,2,159
16386.0,317.2,2,224
15385.0,316.88,1,161
15243.0,316.68,1,185
16761.0,316.62,1,341
15204.0,316.58,1,258
17458.0,316.5,1,170
13494.0,316.26000000000005,1,162
14479.0,316.25,2,117
15597.0,315.71999999999997,2,276
12614.0,315.6,1,76
16091.0,315.06,2,154
15766.0,315.06,1,170
16473.0,314.86,4,195
17237.0,314.69,2,105
16193.0,314.45,1,219
12650.0,314.44,1,254
14902.0,314.11,2,209
15970.0,314.1,1,116
13484.0,313.8,1,44
12888.0,313.77,4,68
16582.0,313.62,1,164
14729.0,313.49,1,197
15880.0,313.28,2,187
17172.0,313.26,2,479
13845.0,312.98,1,182
15318.0,312.62,1,642
16739.0,312.55,2,169
12834.0,312.38,1,110
17362.0,312.23,2,191
17070.0,312.14,1,133
16450.0,311.92,1,200
14142.0,311.81,1,313
15326.0,311.71,1,386
14951.0,311.69,1,311
14327.0,311.65000000000003,1,139
13990.0,311.3,1,190
17854.0,311.26,2,84
13897.0,311.16,1,200
17266.0,310.64,3,161
15185.0,310.62,1,666
15224.0,310.48,3,150
14924.0,310.05,1,64
15101.0,310.03,3,239
15661.0,309.8,2,236
15699.0,309.65,1,113
14847.0,309.4,1,120
17604.0,309.36,2,169
12884.0,309.05,1,43
13787.0,309.04,2,337
15010.0,308.94,1,184
13699.0,308.58000000000004,1,66
17510.0,308.48,1,214
16227.0,308.32,2,88
14206.0,308.26,2,274
16123.0,307.78,1,170
13529.0,307.76,2,74
13395.0,307.71999999999997,1,336
13060.0,307.53,1,123
17120.0,307.46,1,120
13932.0,307.4,1,72
13142.0,307.09,1,258
15087.0,306.94,1,470
17551.0,306.84,1,150
16668.0,306.71999999999997,6,318
17334.0,306.6,3,314
17157.0,306.55,3,169
13718.0,306.55,2,173
15659.0,306.45,1,111
17176.0,306.13,1,170
15219.0,305.75,1,45
12785.0,305.71,2,128
16796.0,305.62,1,186
16181.0,305.54,1,152
13045.0,305.28000000000003,1,221
12623.0,305.1,1,191
13667.0,305.02,1,154
17941.0,304.56,1,252
15163.0,304.47,2,186
18185.0,304.25,1,183
17732.0,303.97,1,93
16400.0,303.93,1,172
13343.0,303.93,2,126
13083.0,303.75,2,187
16689.0,303.26,3,168
17433.0,303.16,1,185
15060.0,303.09,4,263
16425.0,302.7,1,199
14248.0,302.58,1,102
18165.0,302.46000000000004,1,254
16104.0,302.36,1,123
15308.0,302.27,2,173
15054.0,302.1,2,198
16715.0,301.71999999999997,1,642
15667.0,301.32,1,240
15148.0,301.29,1,187
15623.0,301.03,1,125
17978.0,300.92,1,499
16430.0,300.85,1,103
16479.0,300.83,2,102
14762.0,300.52,1,341
13304.0,300.42,1,238
15254.0,300.36,1,275
12852.0,299.75,2,145
16402.0,299.6,2,149
13863.0,299.56,2,219
18215.0,299.34000000000003,1,118
17124.0,298.89,1,130
17255.0,298.41,2,232
17824.0,298.4,1,408
17678.0,298.11,1,207
12881.0,298.0,1,21
13466.0,297.95,2,258
18220.0,297.78000000000003,2,282
18053.0,297.07,2,301
15857.0,297.0,1,308
13708.0,296.88,1,306
14985.0,296.75,2,260
18059.0,296.71,4,258
13441.0,296.64,1,204
13751.0,296.25,1,152
13504.0,295.93,1,178
17912.0,295.61,6,183
16781.0,294.65,2,111
13573.0,294.4,2,303
14747.0,294.3,2,82
17506.0,294.29,2,136
15732.0,294.12,2,215
17531.0,293.45,2,135
17163.0,293.1,2,66
15545.0,292.72,2,163
16721.0,292.47,1,172
16956.0,292.34,2,112
13259.0,292.32,1,132
13502.0,292.0,3,264
13449.0,291.88,1,222
13745.0,291.54,2,486
13544.0,291.41,2,127
14656.0,291.05,2,120
13479.0,291.0,3,133
14947.0,290.82,2,179
17691.0,290.40000000000003,2,134
16526.0,290.36,1,106
17081.0,290.16,2,78
14784.0,289.99,2,237
17464.0,289.96,1,220
14339.0,289.90999999999997,4,150
14953.0,289.82,1,225
14162.0,289.36,2,142
16125.0,289.35,1,124
14549.0,289.24,1,136
17501.0,288.6,2,160
16808.0,288.42,2,196
15396.0,288.18,1,122
17977.0,288.14,1,342
17760.0,287.59,2,239
16432.0,287.4,1,276
16998.0,287.02000000000004,6,73
13760.0,286.79,2,197
16555.0,285.89,2,175
14660.0,285.74,2,228
17080.0,285.5,3,164
16429.0,284.55,1,9
13439.0,283.71,1,242
17783.0,283.47,2,354
17251.0,283.28000000000003,1,110
17694.0,283.12,1,184
13754.0,282.59999999999997,2,214
13177.0,282.45,1,91
17247.0,282.19,1,106
16557.0,281.85,2,111
17403.0,281.62,1,117
16848.0,281.42,1,182
16292.0,280.9,2,188
14242.0,280.55,2,123
13606.0,280.53999999999996,3,279
16149.0,280.52,2,308
14975.0,279.94,1,380
15556.0,279.77,1,236
14480.0,279.05,1,143
17786.0,278.74,2,200
14850.0,278.15,2,285
14908.0,277.8,1,132
15279.0,277.40999999999997,2,185
17968.0,277.35,1,160
13803.0,277.07,1,121
15355.0,277.05,2,45
16883.0,276.73,2,104
13272.0,276.56,2,96
14508.0,276.42,2,131
12750.0,275.88,1,137
16810.0,275.64,2,112
16297.0,275.4,4,180
14512.0,275.28,2,122
12703.0,274.7,2,161
18190.0,274.51,3,139
16313.0,274.15000000000003,2,165
16727.0,272.82,1,177
17254.0,272.44,2,252
13085.0,272.38,3,108
17498.0,272.22,1,394
14819.0,272.07,2,109
13917.0,272.04,2,228
14816.0,271.85,1,5
13058.0,271.40000000000003,3,52
13837.0,271.24,2,183
17767.0,271.2,1,128
17496.0,271.05,1,79
17011.0,270.9,1,186
16648.0,270.85999999999996,2,269
15774.0,270.8,1,87
13533.0,270.79,3,204
14520.0,270.6,2,146
13242.0,270.40000000000003,3,130
17094.0,270.2,2,148
15609.0,270.03000000000003,2,145
14727.0,268.58,1,62
15408.0,267.18,1,106
17550.0,267.16,3,86
15320.0,267.13,1,326
17708.0,267.08,2,91
15517.0,267.03,1,293
16451.0,266.97,1,120
14863.0,266.76,1,132
15119.0,266.40000000000003,1,88
12962.0,266.39,2,129
15019.0,266.0,1,159
17636.0,265.93,2,176
14068.0,265.85,1,73
17430.0,265.76,2,190
14423.0,265.2,1,120
13973.0,264.7,1,109
18108.0,264.65,2,82
15912.0,264.62,2,185
14452.0,264.44,2,119
13369.0,263.75,2,127
15894.0,263.55,2,168
12492.0,263.21000000000004,2,192
16936.0,262.68,1,173
17194.0,262.62,2,119
16413.0,262.2,1,148
17385.0,261.11,1,201
13189.0,260.68,2,842
14053.0,260.25,2,215
15014.0,260.17,2,151
15143.0,259.45,1,150
14149.0,259.43,3,129
16217.0,259.39000000000004,4,76
17125.0,259.35,1,291
13127.0,259.17,1,127
16447.0,259.01,1,223
15577.0,258.88,3,89
14915.0,258.83,3,105
14350.0,258.7,2,166
13277.0,258.4,4,176
13227.0,257.7,1,99
14375.0,257.68,1,194
13626.0,257.23,1,209
12430.0,256.4,1,117
13806.0,256.38,1,56
17896.0,256.32,1,288
14761.0,255.9,2,118
15277.0,255.89999999999998,1,205
14881.0,255.4,1,316
16226.0,255.12,3,192
15261.0,254.82,1,270
13121.0,254.73,2,227
12604.0,254.18,2,201
14765.0,254.11,3,135
15689.0,254.1,2,84
12829.0,253.05,3,375
15759.0,253.04,3,60
17860.0,252.8,1,104
15035.0,252.73000000000002,1,245
13404.0,252.48999999999998,2,111
15346.0,252.42000000000002,1,144
18009.0,252.24,2,124
13645.0,252.1,1,158
13711.0,252.06,2,140
16836.0,251.87,2,165
17155.0,251.7,2,242
16976.0,251.51999999999998,1,88
16024.0,251.24,1,398
13512.0,251.21,1,143
14764.0,250.55,2,175
13207.0,250.26000000000002,2,130
16596.0,250.15,2,97
17303.0,250.04,1,144
15510.0,250.0,1,2
17456.0,249.85999999999999,1,222
17190.0,249.74,3,160
18005.0,249.72,2,93
17111.0,248.61,1,302
13061.0,248.61,1,107
18212.0,248.42,1,101
16510.0,248.1,1,92
15097.0,248.08,1,170
13592.0,247.96,4,84
15107.0,247.66,8,162
13349.0,247.32,1,225
14658.0,247.15,2,47
17051.0,247.14,1,184
15783.0,246.3,1,212
17278.0,246.04,1,179
12908.0,246.0,4,0
16778.0,245.94,2,194
17771.0,245.81,2,287
12660.0,245.1,1,127
16601.0,244.8,1,134
15118.0,244.8,1,1440
16528.0,244.41,1,171
17892.0,244.1,3,109
17925.0,244.08,1,72
13103.0,243.94,1,82
16793.0,243.84,1,146
16048.0,243.69000000000003,3,143
13886.0,243.56,1,126
15634.0,243.55,1,99
17339.0,243.36,2,152
17908.0,243.28,1,173
14647.0,243.22,1,95
16215.0,242.35,1,104
16330.0,242.21,4,145
15776.0,241.62,1,138
14523.0,241.09,1,251
16427.0,241.06,2,156
15286.0,240.55,1,55
15154.0,240.27,2,97
13565.0,240.22,2,172
17256.0,240.0,2,141
17181.0,239.92000000000002,2,241
15690.0,239.76,2,408
13570.0,239.49,1,161
17684.0,239.41,1,145
16756.0,239.4,1,106
18270.0,238.95000000000002,3,97
15850.0,238.85,2,302
12561.0,238.85,1,177
12718.0,238.25,1,203
17877.0,237.60999999999999,1,98
15457.0,237.07,1,132
18024.0,236.78,3,148
12732.0,236.26000000000002,1,111
16026.0,236.09,1,243
13187.0,236.02,1,95
15598.0,235.68,3,156
15462.0,234.6,3,172
14473.0,234.34,2,88
17060.0,234.24,1,216
16961.0,234.17,1,125
12736.0,234.0,1,173
15483.0,233.81,4,295
13348.0,233.76,1,136
16583.0,233.45000000000002,1,111
14995.0,233.23000000000002,2,103
13678.0,232.6,1,924
18213.0,232.48000000000002,1,232
16971.0,232.21,2,71
16117.0,232.21,1,130
15257.0,232.15,2,45
15393.0,231.86,2,150
16641.0,231.1,1,256
16321.0,230.70000000000002,7,78
15866.0,230.53,1,126
16445.0,230.51,1,111
13786.0,230.39999999999998,1,136
16926.0,230.25,1,35
13960.0,230.22,2,142
14311.0,229.71,2,125
12812.0,229.64000000000001,1,164
13474.0,229.59,1,132
15528.0,229.33,1,123
17347.0,228.96,1,216
13146.0,228.91,1,154
13712.0,228.84,1,352
13070.0,228.8,1,110
17969.0,228.2,2,152
16527.0,228.06000000000003,1,106
14569.0,227.39,1,79
17212.0,226.85,1,147
17572.0,226.75000000000003,4,95
16315.0,226.37,1,75
16777.0,226.35,2,64
17789.0,225.9,1,74
12672.0,225.9,1,78
14624.0,225.85,2,162
14357.0,225.77,1,148
12402.0,225.6,1,94
14052.0,225.36,1,89
16587.0,225.15,1,71
17171.0,224.91,1,185
15175.0,224.14,1,454
16471.0,223.95000000000002,1,141
16753.0,223.92000000000002,1,189
14929.0,223.88,1,136
13926.0,223.85000000000002,1,104
18101.0,223.65,2,88
17534.0,223.36,1,103
15637.0,223.36,1,128
13382.0,222.99,1,131
15897.0,222.05,2,261
14598.0,221.97,1,189
14960.0,221.27,2,221
16392.0,221.19,1,203
13419.0,221.06,1,275
15790.0,220.85,1,114
18030.0,220.7,3,66
16482.0,220.62,1,346
13079.0,220.10000000000002,5,62
18114.0,220.1,1,55
13600.0,219.52,1,324
15096.0,219.39000000000001,1,120
16895.0,219.14000000000001,1,102
12702.0,219.0,1,53
14205.0,218.78,4,99
13669.0,218.55,2,237
17619.0,218.52,1,127
13428.0,218.47,1,156
12574.0,218.45000000000002,1,61
14570.0,218.06,2,95
16634.0,217.9,2,82
15554.0,217.2,1,74
13739.0,216.9,1,54
13503.0,216.85,1,248
15460.0,216.76,1,109
12897.0,216.5,2,110
15604.0,216.39,1,159
17436.0,216.29999999999998,2,90
14104.0,216.21,2,72
13858.0,216.17,1,75
16179.0,215.83,1,99
15052.0,215.78,1,82
17580.0,215.72,3,88
14476.0,215.7,1,132
16189.0,215.48,2,134
16190.0,215.08,1,88
16519.0,215.07999999999998,2,54
12831.0,215.04999999999998,1,135
12588.0,214.89999999999998,1,53
16338.0,214.8,1,94
16411.0,214.65,2,132
16846.0,214.32,1,135
14793.0,214.14,2,88
16647.0,214.06,2,146
14601.0,213.96,1,168
13621.0,213.85,1,343
17153.0,213.78,1,104
14241.0,213.70000000000002,1,146
13411.0,213.55,1,72
16591.0,213.5,1,41
15540.0,213.3,1,200
14984.0,213.27,2,60
16897.0,213.03,3,58
18193.0,212.96,3,120
16302.0,212.82,2,134
17928.0,212.54000000000002,2,140
15724.0,212.3,3,72
16017.0,211.88,1,102
15703.0,211.5,1,66
16415.0,210.35,1,187
16356.0,210.32000000000002,4,92
13532.0,210.31,1,129
13828.0,209.49,1,311
17855.0,208.97,1,197
15327.0,208.75,1,116
17514.0,208.65,1,135
16690.0,208.63,3,137
16914.0,208.46,1,121
16457.0,208.36,1,140
18191.0,207.79999999999998,1,140
12547.0,207.79999999999998,2,134
16866.0,207.73999999999998,3,60
17923.0,207.50000000000003,1,50
16323.0,207.50000000000003,1,50
16752.0,207.5,1,54
13099.0,207.35999999999999,1,288
15925.0,207.15,1,93
15820.0,206.98,1,128
18126.0,206.83,1,144
14964.0,206.21,1,143
18110.0,206.05,2,79
13065.0,205.86,1,74
17670.0,205.7,1,110
17843.0,205.48,1,113
15307.0,205.3,1,37
15758.0,205.25,1,47
13513.0,205.1,1,109
15319.0,204.5,1,175
16619.0,204.41,2,129
17206.0,204.24,1,76
18273.0,204.0,3,80
13017.0,204.0,1,48
17187.0,203.95,1,144
17889.0,203.87,2,79
17394.0,203.86999999999998,1,241
17891.0,203.85999999999999,1,393
17376.0,203.2,2,86
15723.0,203.1,1,87
14381.0,202.68,1,146
18169.0,202.65,1,61
14385.0,202.11,3,159
15347.0,201.60000000000002,1,130
16965.0,201.19,1,291
13859.0,201.16,1,129
12995.0,200.72,2,98
13262.0,200.29,1,125
15437.0,200.16,1,79
13980.0,200.14,1,172
14782.0,200.10000000000002,1,114
13723.0,199.85000000000002,1,43
15593.0,199.8,1,60
13322.0,199.48000000000002,1,117
17383.0,199.29,1,150
16832.0,199.15,3,33
17987.0,198.57,1,261
13295.0,197.95000000000002,2,81
16178.0,197.9,1,94
12450.0,197.88,2,128
12581.0,197.71,1,161
14185.0,197.65,1,6
14789.0,197.64000000000001,1,116
17301.0,197.63,1,149
16829.0,197.22,1,99
14830.0,197.13,1,169
14304.0,197.1,2,54
15234.0,197.0,1,196
13436.0,196.89,1,76
13978.0,196.79000000000002,2,315
13284.0,196.15,2,79
17660.0,196.0,1,130
16112.0,195.74,4,574
13792.0,195.55,2,92
14666.0,195.25,1,161
15612.0,195.15,2,52
14100.0,194.9,1,64
16887.0,194.88,1,157
17475.0,194.37,1,178
12797.0,194.18,3,79
15683.0,193.75,1,131
15198.0,193.64000000000001,2,120
17343.0,193.64,1,56
16847.0,193.44,1,78
17608.0,193.42,2,232
14806.0,193.39,1,330
14801.0,193.14,1,175
13568.0,192.85,1,70
12522.0,192.72,2,194
12791.0,192.60000000000002,1,97
15909.0,191.93999999999997,1,98
14966.0,191.32,1,187
17988.0,191.17000000000002,8,42
15692.0,191.04,1,138
17233.0,190.88,1,131
13033.0,190.55,1,83
15412.0,190.53,1,108
14501.0,190.31,3,119
13972.0,190.25,2,187
17885.0,190.19,1,167
12361.0,189.9,1,91
17166.0,189.49,3,75
13663.0,189.47,1,91
18045.0,189.4,1,142
16448.0,188.89000000000001,1,78
14697.0,188.60999999999999,2,181
12893.0,188.14,1,96
17781.0,188.02,2,34
14722.0,187.92000000000002,1,120
17279.0,187.83,1,48
16900.0,187.69000000000005,5,723
18013.0,187.29,2,285
16124.0,187.15,2,41
17693.0,187.02,3,229
14551.0,186.23,2,106
15567.0,186.01,1,223
12641.0,185.9,1,72
17574.0,185.65,1,77
17010.0,185.46,2,116
14199.0,185.39999999999998,1,28
16097.0,185.04999999999998,1,87
13482.0,184.64,1,116
17680.0,184.4,1,96
16433.0,184.26,1,106
15124.0,184.19,2,233
16680.0,183.7,1,94
14059.0,183.6,1,128
13460.0,183.44,2,286
13059.0,183.4,1,35
15746.0,182.96,2,130
17772.0,182.77,2,58
14082.0,182.25,1,110
14087.0,181.67,2,250
18119.0,181.12,1,125
16594.0,181.09,1,64
15886.0,181.09,1,147
15945.0,181.0,1,52
15292.0,180.94,1,56
16835.0,180.85,2,61
18280.0,180.60000000000002,1,45
13710.0,180.48,1,176
15041.0,180.35,1,104
12622.0,180.1,1,69
12586.0,179.94000000000003,2,77
18147.0,179.34,2,203
15895.0,179.17,1,94
15454.0,179.1,1,86
16990.0,179.0,1,100
14705.0,179.0,1,100
16620.0,178.96,2,88
15139.0,178.96,2,208
15262.0,178.95000000000002,1,73
17904.0,178.92,2,62
13778.0,178.7,1,70
17879.0,178.51999999999998,1,45
13008.0,178.46999999999997,2,115
17253.0,178.26,1,43
13271.0,178.26,2,181
17356.0,178.22,1,166
13618.0,177.34,1,246
12618.0,177.31,1,96
13072.0,177.15,1,69
17440.0,177.1,5,232
12923.0,176.97,1,69
17947.0,176.68,1,168
18282.0,176.6,3,98
16080.0,176.6,3,104
12509.0,176.5,1,55
17582.0,175.27,1,123
17331.0,175.2,1,16
16144.0,175.2,1,16
18010.0,174.8,1,60
13826.0,174.65,2,80
14355.0,174.4,1,92
14518.0,174.37,1,278
13560.0,174.37,1,64
15335.0,173.97,1,80
18278.0,173.9,1,66
14798.0,173.74,3,150
16565.0,173.7,1,46
12441.0,173.55,1,121
15565.0,173.16,2,60
15670.0,173.05,1,91
14693.0,172.9,1,34
18048.0,172.29,2,127
13922.0,172.25,1,93
13690.0,172.25,1,67
12442.0,172.06,1,182
14536.0,171.8,1,40
16773.0,171.59,1,171
17245.0,171.45,1,75
15432.0,171.19,1,65
17542.0,170.75,1,134
18058.0,170.16,1,88
15016.0,170.04,1,76
16921.0,169.79,1,171
13962.0,169.55,2,87
14218.0,169.48000000000002,1,160
18004.0,169.47,1,78
12367.0,168.9,1,173
14578.0,168.63,1,240
14860.0,168.62,2,230
17367.0,168.4,1,150
18099.0,168.31,1,149
16282.0,168.3,1,114
17737.0,168.24,2,108
15986.0,168.12,1,268
15374.0,168.0,1,126
12551.0,168.0,1,100
18088.0,167.67000000000002,1,109
17561.0,167.62,1,146
16952.0,167.60999999999999,2,92
15920.0,167.5,4,99
13598.0,167.42000000000002,2,57
16405.0,167.25,2,187
14326.0,166.85,2,99
18014.0,166.42,1,68
17650.0,166.08,1,150
12817.0,166.04,1,53
14485.0,165.75,1,71
14552.0,165.07,1,91
18042.0,165.04999999999998,1,33
15316.0,165.0,1,100
13470.0,165.0,2,100
15904.0,164.68,1,84
17535.0,164.4,1,136
13603.0,164.34,1,164
12920.0,164.23,1,129
18200.0,163.8,1,111
14354.0,163.62,2,210
17110.0,163.29999999999998,1,50
13223.0,163.20000000000002,2,88
16406.0,163.07,1,123
15167.0,163.0,1,67
16517.0,162.7,1,96
15733.0,162.3,1,62
15325.0,162.29,1,232
16932.0,161.94,1,87
17600.0,161.67000000000002,1,144
15458.0,161.64,1,156
16113.0,161.38,1,176
14362.0,161.2,1,100
16403.0,161.04999999999998,2,103
14204.0,161.03,1,82
14237.0,161.0,1,38
14089.0,161.0,1,134
13229.0,160.95,1,63
15852.0,160.71,2,48
17344.0,160.57,1,66
12573.0,160.54,1,84
18203.0,160.42,1,43
18146.0,160.35000000000002,2,153
14714.0,160.19,1,229
12966.0,160.18,1,75
16213.0,159.0,1,48
18224.0,158.95000000000002,1,69
13937.0,158.85,1,123
17165.0,158.68,1,100
15160.0,158.16,1,84
15348.0,158.04,1,84
15988.0,158.03,1,181
17556.0,157.9,1,101
14799.0,157.7,1,146
14148.0,157.2,1,16
17128.0,157.09,1,76
14585.0,157.05,1,91
17118.0,157.02,1,154
15007.0,156.91,1,69
14406.0,156.75,1,77
15438.0,156.58,1,59
15263.0,156.51,1,89
13898.0,155.93,1,133
17871.0,155.9,1,182
17899.0,155.79999999999998,1,171
14813.0,155.43,2,67
17832.0,155.37,1,208
12738.0,155.35,1,148
16720.0,155.23999999999998,1,182
15447.0,155.17,1,85
13809.0,155.05,1,29
14368.0,155.0,1,36
14046.0,154.99,1,460
17698.0,154.95,1,93
15740.0,154.88,1,152
17026.0,154.82999999999998,2,97
14295.0,154.70000000000002,2,82
15226.0,154.41,1,71
17517.0,153.94,1,102
17286.0,153.92,1,118
16351.0,153.9,1,90
12602.0,153.12,1,162
17714.0,153.0,1,92
16248.0,152.94,1,78
17984.0,152.68,1,98
18138.0,152.65,1,38
14066.0,152.55,1,45
17707.0,152.4,2,144
13514.0,152.20000000000002,1,40
14039.0,152.2,1,92
17898.0,152.06,2,190
16617.0,151.85,1,91
16412.0,151.83,1,73
14208.0,151.74,1,114
16861.0,151.65,3,133
16461.0,151.42,1,49
13697.0,151.29999999999998,1,177
14287.0,151.23000000000002,4,236
16337.0,151.05,1,87
15717.0,150.3,1,70
17234.0,149.89,1,55
15869.0,149.64,2,175
17946.0,149.57999999999998,2,75
18262.0,149.48,1,182
15748.0,149.31,1,51
15435.0,149.29,1,54
13003.0,149.05,3,103
17549.0,148.86,2,210
15526.0,148.44,2,24
17859.0,148.21,1,127
14968.0,147.59,1,127
14098.0,147.35,1,104
14037.0,147.20000000000002,2,46
12864.0,147.12,1,216
15503.0,147.09,1,74
17030.0,146.87,1,146
14238.0,146.85,1,111
16893.0,145.93,1,62
17935.0,145.79,2,82
13866.0,145.67000000000002,1,57
15937.0,145.35,1,73
17524.0,145.0,1,90
16852.0,144.91,2,56
12974.0,144.8,1,24
17186.0,144.0,2,200
12587.0,144.0,1,51
13462.0,143.25,2,61
15705.0,143.1,1,62
16287.0,142.5,1,298
13299.0,142.5,1,30
14386.0,142.4,1,54
13584.0,142.4,1,37
13561.0,141.85999999999999,1,83
14041.0,141.41,1,94
15888.0,141.27,2,60
16598.0,140.7,2,70
15388.0,140.54,1,88
13420.0,140.35,4,88
13483.0,140.34,1,160
14494.0,139.56,1,92
14073.0,139.54,2,128
14768.0,139.5,3,34
17718.0,139.35,1,83
16483.0,139.35,1,44
14772.0,139.26,1,82
18209.0,139.10000000000002,1,58
13273.0,138.98,1,153
18269.0,138.9,2,70
12902.0,138.68,1,66
14581.0,138.6,1,217
17122.0,138.32,1,80
13716.0,138.28,1,138
15663.0,138.14,1,106
12512.0,138.03,2,99
16050.0,137.9,1,278
17709.0,137.45000000000002,1,17
17468.0,137.0,2,116
15691.0,136.8,1,72
14247.0,136.77,1,47
17972.0,136.04,1,37
12968.0,135.95,1,73
15042.0,135.93,1,30
14889.0,135.9,1,90
15419.0,135.85999999999999,1,230
16114.0,135.75000000000003,1,43
15174.0,135.75,1,145
16665.0,135.4,1,59
15276.0,135.31,1,64
12851.0,135.18,1,109
16055.0,134.8,1,22
14340.0,134.7,1,58
15562.0,134.55,1,39
14174.0,134.46,1,94
14586.0,134.16,3,236
12837.0,134.1,1,24
14280.0,134.04,1,52
13217.0,133.62,5,114
14349.0,133.5,1,86
12445.0,133.4,1,62
17881.0,133.35,1,32
15709.0,133.25,1,121
17647.0,133.06,1,30
17785.0,131.94,1,67
14438.0,131.9,1,82
17297.0,131.78,1,67
17455.0,131.7,1,66
14795.0,131.45000000000002,1,17
12565.0,131.17,2,75
15844.0,130.73999999999998,1,134
16679.0,129.75,1,29
16623.0,129.45000000000002,1,39
14483.0,129.2,2,95
16828.0,128.5,2,59
17359.0,127.86,1,161
15543.0,127.86,1,86
13781.0,127.84,1,30
15135.0,127.15,2,41
15578.0,127.10000000000001,1,52
15923.0,127.08,1,122
14962.0,126.7,1,44
13279.0,126.30000000000001,2,70
16414.0,126.25,2,27
15463.0,126.14,1,106
16988.0,126.12,1,43
12814.0,125.92,1,49
13522.0,125.80000000000001,1,44
14861.0,125.79,1,117
14890.0,125.65,1,51
15017.0,125.58,1,63
12531.0,125.22,1,45
17148.0,124.88,1,82
17578.0,124.74,2,90
16849.0,124.57,1,33
16569.0,124.2,1,93
14495.0,123.8,2,62
16658.0,123.24,1,40
15917.0,123.1,1,42
17967.0,123.07,1,80
14413.0,122.7,1,68
13876.0,122.7,1,36
13638.0,122.64,1,93
14165.0,122.53999999999999,1,54
14076.0,122.47,1,81
18018.0,122.14,2,55
13244.0,121.74,1,38
13182.0,121.18,1,201
15049.0,121.17,1,63
15512.0,121.0,2,68
16611.0,120.99000000000001,2,46
13002.0,120.94999999999999,1,73
17446.0,120.9,2,198
18015.0,120.03,1,157
14314.0,120.0,1,296
14259.0,120.0,1,68
14453.0,119.93,1,49
16542.0,119.62,1,46
15266.0,119.3,1,18
16666.0,118.98,1,233
15843.0,118.95000000000002,1,27
17079.0,118.80000000000001,1,24
14155.0,118.75,1,25
13581.0,118.0,1,30
13193.0,117.88,1,50
17654.0,117.55,1,41
15836.0,117.47,2,24
16959.0,117.35000000000001,1,49
13877.0,117.24,1,108
17117.0,116.19999999999999,1,68
17601.0,116.00999999999999,1,103
13170.0,116.00999999999999,1,147
14143.0,115.8,1,30
15350.0,115.65,1,51
13067.0,115.46000000000001,1,32
18027.0,115.31,1,78
14972.0,114.77,1,28
13188.0,114.60000000000001,1,25
16247.0,114.56,1,182
14632.0,114.56,1,96
14974.0,114.39,1,44
17852.0,114.34,2,53
17219.0,114.23,1,89
14652.0,114.17999999999999,1,53
12938.0,114.14,1,140
14582.0,114.11000000000001,1,73
15221.0,114.10000000000001,2,25
12651.0,114.0,1,78
12504.0,114.0,4,51
14457.0,113.64,1,88
17217.0,113.5,1,24
15445.0,113.5,1,58
18105.0,113.48,1,46
16913.0,113.44,1,82
15280.0,113.12,1,154
14689.0,112.8,1,76
16697.0,112.75,1,27
13161.0,112.75,1,29
13807.0,112.6,1,36
18129.0,112.55,1,48
15610.0,112.46000000000001,1,66
17038.0,112.4,1,28
14271.0,112.32000000000001,1,88
17893.0,112.25,1,161
12756.0,112.08,1,144
17274.0,111.98,1,79
17957.0,111.68,1,287
17887.0,111.35,1,30
18120.0,111.15,1,31
13508.0,110.97,1,24
13144.0,110.95,1,21
15537.0,110.92,1,29
15853.0,110.8,1,135
13519.0,110.8,2,22
17349.0,110.75,1,112
16963.0,110.55000000000001,1,35
14641.0,110.46,1,90
12734.0,110.39999999999999,1,88
16792.0,110.38000000000001,2,44
17901.0,110.38,1,24
17836.0,110.21,1,88
16339.0,109.95,1,23
13133.0,109.8,2,32
16363.0,109.36,1,52
14699.0,109.13000000000001,1,77
14345.0,108.97999999999999,1,50
17639.0,108.5,1,49
16106.0,108.38,1,74
13226.0,108.21,1,80
12956.0,108.07,1,34
14661.0,107.95,1,35
16784.0,107.6,1,24
15395.0,107.45,1,17
16757.0,106.83000000000001,1,81
15168.0,106.56,1,52
15070.0,106.2,1,36
17791.0,106.1,1,46
12929.0,105.1,2,36
15775.0,104.9,1,68
14027.0,104.82,1,62
15607.0,104.76,1,202
15958.0,104.35000000000001,1,33
18174.0,104.0,1,50
18255.0,103.3,1,74
14542.0,103.25,1,19
17962.0,102.83,1,128
18011.0,102.78999999999999,1,71
14836.0,102.44999999999999,3,45
14981.0,102.12,1,97
16462.0,102.0,4,12
13948.0,102.0,1,40
16516.0,101.7,1,58
18068.0,101.69999999999999,1,6
17643.0,101.55,1,71
16006.0,101.4,1,84
18086.0,101.34,1,106
13101.0,101.19,1,113
13235.0,101.17000000000004,2,440
16344.0,101.10000000000001,1,18
14946.0,100.9,1,22
17427.0,100.8,1,34
14371.0,100.5,1,34
15973.0,99.77000000000001,3,87
13703.0,99.5,1,10
17939.0,99.14,1,40
17746.0,98.8,2,26
15256.0,98.45,1,55
17538.0,98.42,1,134
17895.0,98.0,1,130
18033.0,97.97,1,253
15422.0,97.7,2,38
18277.0,97.63,2,67
12984.0,97.5,1,26
17325.0,96.8,1,60
15216.0,96.6,1,28
14642.0,96.12,1,76
17024.0,95.85,3,69
18249.0,95.34,1,128
12548.0,95.19999999999999,1,49
16387.0,94.36,1,44
16073.0,94.35,2,37
13651.0,94.2,2,33
15397.0,94.0,1,20
15428.0,93.78,1,102
18227.0,93.75,1,21
13283.0,93.66,2,90
17991.0,93.35,2,25
12821.0,92.72,1,70
14054.0,92.46,1,62
12789.0,91.85,1,4
13551.0,91.80000000000001,1,12
13160.0,91.8,1,56
12659.0,91.68,1,105
15488.0,91.32000000000001,1,73
14353.0,90.6,1,64
13947.0,90.6,1,44
16506.0,90.30000000000001,2,42
15552.0,90.12,1,60
16597.0,90.04,1,184
14117.0,90.0,1,72
14219.0,89.94,1,78
12686.0,89.14,1,107
14436.0,89.06,1,129
12353.0,89.0,1,20
15212.0,88.94999999999999,2,33
15083.0,88.2,1,38
18084.0,87.52999999999999,2,311
15180.0,87.5,1,36
13296.0,87.4,1,78
16498.0,86.12,3,42
15541.0,85.13000000000001,1,49
13841.0,85.0,1,100
13666.0,84.65,3,41
12401.0,84.3,1,11
17309.0,82.75,1,41
16424.0,82.56,2,82
13006.0,81.57,1,55
17620.0,81.44,1,60
18281.0,80.82,1,54
16789.0,80.8,1,32
13967.0,80.7,1,42
17752.0,80.64,1,192
14109.0,80.2,2,56
13747.0,79.6,1,8
16078.0,79.2,1,16
15753.0,79.2,1,144
17942.0,77.50000000000001,1,38
14785.0,77.4,2,84
13132.0,77.3,1,20
13992.0,76.8,1,64
14373.0,76.55,1,17
17536.0,76.5,1,6
18113.0,76.32000000000001,1,72
16148.0,76.32000000000001,1,72
15668.0,76.32000000000001,1,72
14090.0,76.32000000000001,1,72
17995.0,76.1,1,133
17628.0,75.75,1,79
16610.0,75.66,1,66
13403.0,75.0,1,44
16468.0,74.9,1,31
18050.0,74.4,1,40
13095.0,74.39999999999999,1,144
17960.0,73.78,1,41
18032.0,73.5,1,42
12506.0,73.5,1,23
16171.0,73.2,1,24
17906.0,72.9,1,26
13686.0,72.0,1,70
13938.0,71.66,1,70
13185.0,71.4,1,12
17022.0,71.0,1,108
16581.0,70.44,2,122
18037.0,70.02,6,20
15863.0,68.84,2,19
14393.0,67.95,1,13
17382.0,65.4,1,25
17747.0,64.65,2,11
13684.0,64.23,2,38
13130.0,64.0,1,32
13302.0,63.75,1,5
17263.0,63.44,1,36
14840.0,62.85,1,31
13218.0,62.63999999999999,1,88
15516.0,62.43,3,27
15729.0,62.0,2,24
12665.0,61.75,2,36
13194.0,60.7,1,26
17174.0,59.9,1,41
13391.0,59.8,1,4
13682.0,59.5,1,10
13106.0,59.5,2,14
14957.0,58.49,1,34
13080.0,58.08,1,120
17775.0,56.4,1,72
15899.0,56.25,1,39
13366.0,56.160000000000004,1,144
14760.0,53.8,2,28
16349.0,53.5,1,9
15504.0,52.83,1,33
14865.0,52.2,2,108
15313.0,52.0,1,25
14682.0,52.0,2,80
17844.0,51.56,1,52
14351.0,51.0,1,12
13011.0,50.550000000000004,1,13
18184.0,49.8,1,60
14821.0,48.800000000000004,1,20
15603.0,48.480000000000004,1,96
16257.0,46.95,1,2
14080.0,45.599999999999994,1,48
15423.0,43.5,1,101
14300.0,43.2,1,32
15992.0,41.989999999999995,1,17
13832.0,40.949999999999996,2,25
15178.0,40.5,1,30
14589.0,39.75,1,5
12977.0,39.24,1,12
16659.0,39.12,1,72
18019.0,38.45,1,7
12855.0,38.1,1,30
16162.0,37.4,1,4
17816.0,36.56,4,30
17831.0,35.400000000000006,1,12
16856.0,35.400000000000006,1,12
14576.0,35.400000000000006,1,12
15744.0,34.8,1,120
16765.0,34.0,1,4
17408.0,32.65,1,3
15940.0,31.799999999999997,2,3
13120.0,30.599999999999998,1,12
15657.0,30.0,1,24
17102.0,25.5,1,2
17986.0,20.8,1,10
16953.0,20.8,1,10
16093.0,17.0,1,20
17900.0,15.0,4,1
17763.0,15.0,1,12
13307.0,15.0,1,4
17956.0,12.75,1,1
16738.0,3.75,1,3
16446.0,2.9,3,2
18274.0,0.0,2,0
18268.0,0.0,2,0
18072.0,0.0,2,46
16878.0,0.0,2,0
16742.0,0.0,2,-189
14792.0,0.0,2,0
14557.0,0.0,2,0
13762.0,0.0,2,0
13364.0,0.0,2,0
13256.0,0.0,1,12540
12607.0,0.0,2,0
12558.0,0.0,2,0
12454.0,0.0,2,0
12346.0,0.0,2,0
16995.0,-1.25,1,-1
14679.0,-2.55,1,-1
16428.0,-2.95,1,-1
12943.0,-3.75,1,-1
12505.0,-4.5,1,-1
12605.0,-7.5,1,-4
16138.0,-7.95,1,-1
16454.0,-8.15,3,2
17547.0,-11.8,1,-4
12870.0,-14.899999999999999,1,-2
14777.0,-17.45,2,-9
14119.0,-19.9,1,-2
14627.0,-21.85,1,-5
17820.0,-24.05,2,-5
16061.0,-29.95,1,-1
15590.0,-30.19,1,-1
16579.0,-30.599999999999998,1,-12
16262.0,-31.65,1,-5
13693.0,-32.0,2,-6
18141.0,-35.400000000000006,1,-12
14437.0,-43.400000000000006,2,59
18256.0,-50.1,1,-70
13672.0,-71.46,6,-1
15638.0,-94.0,1,-52
16546.0,-95.93000000000002,3,-303
13829.0,-102.0,1,-12
13958.0,-102.45,1,-23
17065.0,-112.35,1,-1
15728.0,-134.8,1,-34
17548.0,-141.48,3,-132
17307.0,-152.64000000000001,1,-144
12666.0,-227.44,1,-56
16252.0,-295.09,1,-158
15802.0,-451.42,3,-1
13154.0,-611.86,1,-1
15823.0,-840.76,2,-283
12503.0,-1126.0,1,-1
17603.0,-1165.3,5,-31
14213.0,-1192.2,1,-244
15369.0,-1592.49,1,-1
17448.0,-4287.63,1,-1
